goals,possession,shots,shots_on_target,assists,avg_age,cards_yellow,fouls,interceptions,goals_against,goals_per90,shots_per90,shots_on_target_pct
6.0,53.623271713749254,34.43912601057197,12.93361319986691,4.250923476556645,26.732426989363656,2.9488428577190158,41.90425293019513,20.895487175969375,0.4506775606088328,0.46,11.07,37.6
1.0,37.753938120743925,19.325053725614257,7.951090254244718,1.52082576215471,27.521511535004276,0.0,21.018966879596647,29.437577467182592,12.627488034284987,0.17,7.45,41.1
6.0,64.0402366458719,30.379295809746118,14.691035887777533,2.6044835484197066,26.566294715295086,1.4529363265335093,23.169695458244675,8.644816490284265,0.0,0.42,11.53,48.4
2.0,26.18563231662346,31.14534412952826,5.170618137477446,0.6205482159617352,29.058593934705407,6.611735601023386,27.57243813085576,37.92976492269542,9.667346158240758,0.79,10.91,16.6
2.0,59.23131917821255,28.44194228149791,9.368379430069123,1.9228982905858958,29.11172796222497,4.276690799330019,29.13591624518012,20.03900567563372,4.74424089258878,0.27,12.2,32.9
2.0,67.35956994406196,37.74942531333411,11.014612745481264,3.3308813279720857,30.08230391575617,4.232296158176405,25.880904610261606,16.542303885019955,1.1990779281513912,0.31,11.73,29.2
5.0,60.14485216115219,46.64245482728721,14.369458126956152,5.699092381859989,27.199844950566508,0.518751866176494,21.531029979824687,14.739857606117452,2.1670449331481794,0.52,16.3,30.8
6.0,59.9225567954182,48.80804437538678,20.905100494924742,4.362013911942471,30.771971201053585,2.370299142734887,41.383773249761624,17.655211031395222,2.1478464504870196,0.07,15.05,42.8
2.0,35.91419144243944,21.900478933671003,5.705885236995723,1.1745028032074885,27.317921237520512,1.4129314542756244,24.181377235980126,24.533338813300706,11.292424653790295,0.57,6.79,26.1
2.0,57.245897880722694,44.93039744846648,18.79231776514,2.843574022780344,25.70051778264005,4.2981865574724,30.164444726995168,36.31026401764866,1.1579600275906041,0.13,14.38,41.8
1.0,55.04930036521624,18.36982767203006,8.823059213018857,1.3195375788687147,29.28991709277408,4.596142943901634,28.005269721057683,22.067174459496158,4.62716446236983,0.02,5.47,48.0
7.0,64.37404645040634,65.62362894770797,21.455204641860984,2.8053297381225204,29.529509466315616,5.460737067563919,34.930528023617,18.430517388584718,4.447098248691102,0.56,20.5,32.7
2.0,29.198181387322236,26.054351310969416,8.159008803099708,0.0,27.457918971314566,9.374141743400596,30.44637867691403,37.12042745193437,6.3694439325096255,0.54,7.7,31.3
2.0,30.02874305882983,14.175044164176533,0.0,1.7974842044783146,29.717806090428187,3.795164556638963,25.627461767344137,13.699020391557067,2.9981818113263152,299.65,7.34,0.0
7.0,62.14696959572825,46.952176317515,21.160268190150404,3.8801490806344012,30.07059419031947,2.4054839472757505,39.94164259230321,15.044564468048982,2.6171315747203883,0.6,16.69,45.1
1.0,64.93922440765233,34.63482050283901,9.181684765829752,3.6420961711074433,28.541781575919963,4.087035228146672,20.263293100289378,17.6617214123674,0.36418247900158907,0.17,14.05,26.5
6.0,59.223053785343765,59.675357655473945,20.221423616545014,1.7650556064625866,25.750966262751867,5.537765958406956,25.2064424271897,27.191493282646434,2.1715208588379,0.57,19.26,33.9
2.0,36.26570529379804,36.868986919136006,9.91315045773247,0.28715421732283564,32.25964534153785,5.745022782579145,42.51996494291345,24.047090574820963,4.309808222306954,0.55,10.22,26.9
8.0,64.03391275132431,63.469481018887976,22.916507652305143,3.227261409134568,28.52197065109287,6.005102162299655,29.46281357046009,22.012007005040594,2.883808755127907,0.43,22.17,36.1
3.0,46.15247317630569,12.984968433746516,8.020592779164646,0.0,30.20988987187053,6.383613953816771,17.151392952577762,27.955960741109482,4.2382700354755505,0.27,4.91,61.8
3.0,60.35070730214309,42.52557124293758,19.089533734189807,3.284533033933894,28.33355430482246,5.837697438400489,41.83992653721207,36.06453551711975,3.234371156363679,0.26,13.79,44.9
0.0,56.44815397811718,19.3291359571017,7.130960750130702,0.0,31.41402116027837,5.29889812361925,28.185807197801704,7.663492435797685,3.744061372541241,0.32,5.92,36.9
4.0,52.44626853125261,42.670577707583085,19.942831112772808,1.4477769557190288,28.249397726633266,5.2029230208512995,27.42127942501384,36.642515603990184,4.1550532077146265,0.18,13.84,46.7
3.0,46.98722965858703,38.03408329911433,11.06337760248183,1.3508086750963206,28.92084316111612,0.6296766314027034,32.832205063603666,16.9313790367589,6.5939466210738304,0.49,13.08,29.1
0.0,58.91452217232399,23.54641908681824,4.08606535284515,0.0,27.462597424716574,3.0889522726097023,35.829568576857,7.372185474725166,3.0525223745435515,0.09,8.43,17.4
1.0,37.59362664490857,23.295497869322812,8.212330181222912,0.0,29.974639109573626,5.444655185666959,37.023223180379915,19.67221425132467,1.9386476514860416,0.24,7.72,35.3
2.0,39.96390349132077,24.806784834133843,8.766290001744549,0.4662512742901639,29.091691503437904,2.265197251623699,29.796796043641656,25.993763568917426,13.896072698140564,0.47,10.25,35.3
6.0,41.03701318321164,28.374286015435445,6.824436804487867,1.917149085194108,27.240252226680205,2.5097257984484296,35.20251696443969,28.79935156789419,12.360256129403247,1.06,7.91,24.1
7.0,46.95371147840786,33.71345979513047,20.153495967121682,5.381935452231553,27.945062470786606,2.030283454031842,36.19394579513257,23.22287356253789,6.764380181098026,0.51,11.2,59.8
5.0,56.12480501233112,57.6136623409531,12.884762405932829,5.201099046714967,31.175981594011418,7.105525932957984,39.9351515278019,27.916190666087555,0.6283941047234198,0.91,18.06,22.4
11.0,66.04908544671318,37.24739861928911,24.504871610688618,9.981765486991595,27.112752924737066,0.5005942851264269,37.45471286295371,20.831282599709212,2.02552150365173,0.88,14.86,65.8
3.0,61.61385975583089,76.58965881224148,15.849711666379967,2.4210367448058294,27.095532590477426,2.471961333246609,31.696077043224516,21.618460187011774,5.460765863056235,0.23,25.93,20.7
3.0,34.952343652107444,31.52874928297354,11.792988766259123,3.7085463697668866,27.581213021224283,1.3899605860299014,43.02034009442442,21.043888523261412,5.671842904254211,0.23,11.38,37.4
2.0,29.49953019381308,14.919924402622286,3.7672239415758644,0.08680109421838877,29.076729131462127,2.86531690202038,29.820480392481375,14.319321620085713,0.6137842986314819,0.75,4.58,25.2
1.0,49.60534326837352,35.849085958023515,10.240451266868426,0.2778186920730278,31.143818946950407,5.91237461396287,20.011440401132955,29.451231952188618,4.118131316890446,0.0,12.3,28.6
10.0,66.9532313739317,43.79821654176529,17.030204063100193,6.446078865098045,29.00147986685891,1.633121301584579,24.87617299053658,21.489660921821923,1.8376234749039764,0.99,15.36,38.9
2.0,40.801213300098794,33.64944696873409,8.305435798439657,2.588199934971857,28.963002374380704,0.0,36.513459056139865,14.471734259779712,5.669127297039209,0.34,12.19,24.7
6.0,45.67189575112816,37.5667497486186,15.449254174452664,4.416642027772652,27.95788791034055,3.4556186900811166,42.996357875095,24.237403753181212,0.712115007832331,0.41,12.88,41.1
11.0,58.58955256895755,48.12191540106266,19.01612770705725,9.49444341408362,28.18542042876667,3.3004100854469702,29.37716531552519,17.302470836253597,2.0941152788223714,1.23,16.66,39.5
12.0,49.44876750939841,45.290097372011346,23.343494582154584,9.393911973236152,25.787461888515633,0.5838059972698595,18.096089686748304,25.941454998561717,1.692942370795362,1.13,15.18,51.5
5.0,58.72334742805371,41.74795145210157,16.347876836245042,4.428812314620698,30.795950629989278,2.5885790273406295,25.643744228998305,13.92604788694967,0.0,0.0,13.12,39.2
0.0,52.55478048034022,22.147878262219983,3.2177339827970273,0.0,29.507130729700446,2.7415992797928315,34.63360498885763,10.462079409571151,2.6664552171598626,0.0,9.74,14.5
6.0,67.05385464891572,22.790132647170594,8.370072030869114,0.8668669649294896,27.945199975122083,4.128451737597753,28.329304993808186,9.386314758007863,1.9707434788467943,0.88,8.06,36.7
8.0,58.42141465033499,41.19192894550981,21.521809486313817,8.800471326670591,25.855215808419544,2.2641960849571703,27.01836042446549,25.574562891597893,4.289485765186417,0.66,13.74,52.2
1.0,38.607367249379514,16.789437208762443,1.5721452386948713,1.9438768931086035,24.96563312882324,2.795703141699742,32.093319687403245,19.56899286026112,7.7997403800560665,0.89,4.92,9.4
5.0,67.42375527381657,39.0128527989561,17.11370444146204,4.569359446172438,33.851718352023966,2.223518191940357,33.45642451212292,14.85887183734123,0.6615772830843576,0.41,12.79,43.9
4.0,58.575918166551766,33.60406121350566,12.289832203551908,3.9224661848060065,31.451810432085836,3.5799089674719204,28.99829337929284,13.565530966799427,1.4664641476613305,0.63,10.53,36.6
2.0,45.41623335300741,28.966178639881026,14.769654144460116,3.829324823928159,27.62724325212447,4.849716756404611,29.12355145048615,27.114718778597272,10.103641080488108,0.12,9.72,51.0
6.0,38.674076579582774,30.235942060131904,11.610639559094132,3.05557555999816,30.720249922172965,5.698744764673199,45.41327203635696,29.994436422193385,6.91416453370414,1.03,10.2,38.4
5.0,53.62770359623669,69.14238298155323,19.139686728816326,3.049578520484707,29.55798368252231,1.5873315818289728,35.06658204592821,22.54818224168947,1.1434953724752188,0.61,21.86,27.7
3.0,43.45650073096316,31.552204405763028,8.001688949888914,0.0,28.48598930039897,6.212216248091761,28.89576200874442,38.49556854424563,8.433491306763447,0.17,11.27,25.4
2.0,22.87755919475575,29.694043881585912,9.913667462312194,4.082348744095585,27.064020019523273,0.778173218743708,21.372006207471596,15.609174116853378,4.368325248831462,0.0,8.19,33.4
2.0,68.4596127233697,74.20163810091073,17.508582659627148,4.1889133714746425,28.062455770801595,2.351448207541583,36.350751191582134,17.92043622225282,3.9417504185267385,0.14,23.99,23.6
7.0,56.54817757728582,32.404344474910005,13.378184987678104,2.8946466824472084,31.67327391193364,3.8433726221570588,25.797245379975188,16.709745252628593,2.643650533563737,0.55,10.87,41.3
2.0,30.225641436146212,14.630398069852813,7.820951687788913,2.5500950570276943,29.55995182801771,3.4200629640870743,31.84872405481405,26.146764817434757,7.035227511631116,0.83,4.47,53.5
2.0,61.446227641096,34.05760374628175,12.179444185482765,1.074180816852421,28.752035067319827,2.917632661227643,28.942743091586504,20.529461931087877,3.098795864060505,0.38,11.08,35.8
3.0,43.01498598208909,37.68593156472837,14.784881736282184,2.3049563398502606,28.438245784631174,4.537090833061144,32.25813188355604,23.38281722751608,9.219979997595456,0.17,11.96,39.2
6.0,56.36673835382793,48.28302231880535,19.17710653954144,6.401875648116253,29.793258999122916,4.024309623286852,17.184129977035948,20.569118502831188,5.2056213866440695,0.55,16.11,39.7
5.0,41.162882777008704,33.66174800342477,6.655443455624802,2.782837164737892,26.040338680334873,0.0,45.050857646893036,16.588082803579066,6.895305743447621,0.91,11.93,19.8
1.0,32.75595205947316,19.473934413347983,6.640979074516976,2.9530241471452356,26.788654412064602,6.42240553878994,40.28887303497581,24.479404512894952,7.337213991707187,0.05,7.14,34.1
6.0,60.251001031258475,55.982669959135855,22.219837112010723,5.606723059136183,26.02520507191942,1.5345056484805504,36.43827712936918,15.037997123328426,4.1542536270947865,0.45,19.16,39.7
2.0,64.34512034068767,32.974548188110084,13.773516132262307,1.0036083108329328,28.180190370750967,2.8828586731234895,19.939525571012116,21.129722045417374,3.971829409964432,0.09,11.76,41.8
3.0,38.75673824214775,37.13118798164635,9.483009330599861,0.7695992857942326,30.713650283597545,6.8901984111247865,40.17624667361876,26.461436413285718,1.884586967769108,0.18,11.73,25.5
6.0,61.40294608200249,74.56278368371258,17.347055743377833,4.047317706621448,31.55438498864166,2.7706092559319724,28.78261525093069,18.406677492332832,2.617105707221402,0.63,24.79,23.3
5.0,61.17097633288588,10.087411648793353,4.737172777472782,2.729379420472063,30.43888427567153,0.0,23.72595682541261,10.577462530261066,5.5911576091422805,1.25,3.46,47.0
3.0,54.50691661474339,46.169930155692704,16.992217841562322,2.8560592234970397,28.736684602705303,4.791071513120422,41.33961066665944,31.68762753732643,2.935706595546585,0.0,15.74,36.8
1.0,26.207475446623327,18.131931798302517,7.38303442308836,4.426716486345523,29.449439738041043,0.0,15.176129979145289,17.064149886288195,6.50613132744391,0.0,4.16,40.7
2.0,51.132632386746046,21.17676435516346,11.243793794852088,0.638240111679683,30.822982362017118,2.6740886872998058,24.947575115719978,29.272751316695015,1.711757657909633,0.0,6.97,53.1
0.0,49.23742094771673,26.603086998567427,6.296351655325556,1.6392695378569173,26.800688253655753,8.469023397540766,53.21028084299343,29.411828407034868,9.394640946848902,0.0,9.93,23.7
9.0,51.886871541637106,54.398600189198774,18.87039445727589,9.095344199441309,28.004827675876626,1.6791427754381956,31.48977250255068,20.011656640958726,4.878244845145955,0.78,18.45,34.7
7.0,59.117066794160536,25.726285336231996,14.064735449356231,7.499864123740371,25.801040737797088,1.3676492929914215,31.49986746174188,15.876524050493106,4.06227777958679,0.63,8.7,54.7
2.0,37.50454675153056,29.68584736490639,6.399236518960458,0.19420286215624585,28.045733177769055,6.620153071088091,32.887856543200186,39.49295499570304,8.872297343996413,0.19,10.53,21.6
0.0,31.385921568302447,20.549221416489566,7.103790114531209,0.9850651936903583,26.95822042277829,6.618475860808427,38.09928174248612,30.10776439226563,1.6337191523404566,0.0,7.18,34.6
5.0,53.782091265942256,31.362894344599336,13.581030837741118,3.2052668936010846,26.50655598171525,6.37348118773216,43.4560745987673,27.301642552700695,2.8478564911791473,0.56,11.8,43.3
0.0,38.95227056044338,15.722712344880948,0.784103105429631,1.3856600004692377,24.302072999301323,3.363710454321919,22.360330200311395,23.426276736861034,11.689641513998419,0.15,6.24,5.0
7.0,64.02077106735443,74.11447676826367,17.14533282096907,3.202020936990007,30.1224102549084,2.801359740343972,32.16483825300404,26.365717132946404,1.0179152833655793,0.45,24.57,23.1
6.0,58.70628927397399,38.42245228480789,15.010109428373429,6.2642978219754335,30.887799209009778,4.203983934784122,37.20168655108017,26.052838838714884,0.5840159662838674,0.82,12.69,39.1
3.0,57.83183488763127,46.70887514028674,17.175891795692188,0.9719035921780699,27.154322698387286,5.148910075846372,31.602795385341434,33.27002584582573,4.496919084847027,0.0,16.15,36.8
9.0,46.843588061809726,40.29687231293386,19.816543281804062,6.764698334664674,27.938149138958693,3.4642097314249822,45.45374675995213,25.83875542958849,0.08526099040322188,0.99,13.5,49.2
3.0,39.892060323133606,38.95942029335023,7.701885009791414,2.626380405668633,28.24607057925236,6.701403262390373,56.37013676336043,29.455632828841818,9.505774332163003,0.54,14.15,19.8
2.0,67.74586853213836,35.40938066584707,10.98730715785433,1.545831413840411,29.109402780132537,2.251253923863612,34.905404469646086,21.962316787569833,4.040388263673927,0.06,13.09,31.0
5.0,61.91213280867555,38.39632268756348,15.120885579851628,3.8163369674975334,25.747854915911407,4.531442513674141,35.16506262095287,39.6047898420471,2.970223304924004,0.21,13.66,39.4
3.0,58.91176422045892,17.927134831445137,5.608277159710449,4.401429002266075,27.387492267390915,0.6232995700964346,22.968425981903355,13.815671103054767,5.338519956857361,1.01,6.2,31.3
3.0,32.722763189431035,22.641974149576036,4.4623881848489555,0.7478255525356601,31.24871423698933,2.8351890606613965,39.04549303221357,26.110008538631096,7.166614056766804,1.08,6.31,19.7
3.0,46.50349501798592,25.537385725807077,11.505179854758183,1.6526464071770783,23.8934688151739,6.212608237420456,42.67415945613614,23.49509631451837,0.0,0.0,9.22,45.1
4.0,57.71269907544287,52.588447708432945,15.930040499771755,6.658207372611803,27.479438845091916,2.3481478486069713,28.175273795608582,13.632575114822194,2.4147360996624423,0.06,18.0,30.3
4.0,60.37816004387977,77.04280865834444,21.49808788905208,3.4620133099292847,29.544659662612386,4.727303925061958,30.1042943622973,21.45512222203793,3.0452908746147145,0.3,26.03,27.9
0.0,61.951897350964906,13.666505764818261,4.2768228388488145,0.0,28.461944340426623,2.159608463794559,28.382209082473857,24.242374889165937,2.1827338072623856,0.2,4.81,31.3
5.0,43.358724415628295,26.747048219392962,11.945326112153428,2.379162588197498,25.474929783342304,4.4100907021342435,38.22141614048709,19.475166301996065,0.0,0.37,10.44,44.7
3.0,29.82354197656955,20.21976079826935,4.102820394967517,3.0302402128702752,29.599563172308926,3.1710723869951045,32.89149221880556,24.305545041999363,7.985585512040644,1.11,6.31,20.3
9.0,63.537104639166444,36.33630109095029,22.268589587776425,7.606168956187077,26.750807117088648,3.620747555279424,31.20094282396376,20.787996110856707,7.17404414849819,0.43,10.8,61.3
2.0,57.52446974032199,39.29674156871589,11.165301467615754,4.735524254125098,32.987727562952124,2.8220618250080616,25.599317198999064,18.229936388628758,0.0,0.15,12.1,28.4
4.0,53.2583048842554,16.91629875282281,9.148636025431124,3.2243396567780827,30.456026332141974,0.7025177991261499,30.559918692869733,12.96235717779805,4.2328623323270484,0.4,5.93,54.1
2.0,51.171001636032486,16.000746658539892,9.301215101186138,1.8673362464403525,30.238767754057893,1.7917964128034702,27.929060046484047,9.579760859371532,1.9687820613868756,0.43,5.52,58.1
1.0,52.42029217918468,20.25024869383097,5.814210830892135,0.4367435407834821,28.940002673530167,2.605672700764825,29.240733191367536,5.580924884858377,2.8619292883693523,0.1,5.69,28.7
3.0,37.73468267986485,16.398142400707705,8.335321585293848,1.851881891933872,28.57839854308795,5.219044808134055,26.88112272196004,24.34245802314134,5.0773094784581865,0.44,5.26,50.8
4.0,58.572481515144425,44.33729530896893,18.30247315737457,4.896588654236019,24.49162533814902,4.997249758965817,38.1053009918218,42.31498499410167,4.743770929036361,0.05,14.37,41.3
3.0,62.52107141414962,48.959337117028895,13.592728878509272,1.2482739329114458,26.56160095001082,5.288411148716062,28.186539877798836,27.736540579563137,3.379435503461485,0.23,17.35,27.8
4.0,45.796674127348936,31.031520738778912,14.348777895702993,2.8356647941146087,28.818140029611264,3.0066413004180492,26.920605865050106,19.834372338506366,8.079674674595548,0.17,10.5,46.2
5.0,69.71067983372791,71.7517266090846,17.344602395173297,3.5373602814492258,28.38661528091249,0.4299767069204634,32.57926724973728,19.38132152273921,4.912583399537394,0.59,25.84,24.2
9.0,69.79534240554041,41.1269272585254,19.600450676002698,2.268568571102734,29.22898630841395,2.0724356471375414,42.3463972878622,12.127847440634763,3.5152202825069665,0.69,13.53,47.7
2.0,38.3496985322319,43.67627810330532,9.114883988416247,2.6147787907098516,31.616957768261912,7.325432109095079,27.96592495251231,33.75771260349395,2.1158758368628536,0.05,14.78,20.9
5.0,55.8371562562188,74.51661247490449,22.460444351301575,2.403025713278926,26.214543448795844,2.58777925497553,33.567368660087034,24.61288970884964,2.5138234973726914,0.28,23.56,30.1
1.0,42.21721489249033,17.38604787212413,1.8803900251833552,0.4138983411780366,26.80553182986617,1.4151539843487102,23.689601058330155,25.226649787845872,11.91591310624981,0.69,7.13,10.8
4.0,65.23710686005715,68.91654533939658,12.838498365381117,2.938898086248634,26.171912997333898,3.684579746016899,40.21949346000975,14.294158515701177,3.6534161145428032,0.41,22.16,18.6
5.0,60.03180885662725,53.848783754870546,16.897271529029055,5.961987189071841,25.944482044981058,1.7499002394237104,33.39633919108263,13.147267810938304,2.3822252057586493,0.25,17.32,31.4
1.0,49.80252143635532,33.546077416471434,8.443116947248422,3.234751914044795,26.652067136858346,1.5954908976392574,34.050526217685544,18.603491933066884,6.086734758461147,0.0,10.4,25.2
4.0,62.687586915100574,44.15401458253923,17.88117016120376,3.1767949026985773,28.633044837926544,6.159234150284204,38.23535843403943,36.48741528749899,3.3849188110668518,0.69,15.02,40.5
4.0,61.976893560368275,33.45151829460978,12.704555909833848,2.3693182190756827,30.003679798425054,4.337806455426785,18.181549715740832,12.801600185580067,1.0734548456737059,0.49,11.53,38.0
4.0,53.31049624115412,11.156162982870594,3.70317284999432,2.137805822697871,28.11348023970934,3.589123947667514,25.842791506490176,26.130009777111162,5.1816131987364455,1.74,3.87,33.2
5.0,41.26595955213686,23.961973354374205,9.557630886297089,1.2829380515579512,26.94849534919336,3.095535603422913,49.95707754643193,26.215642807156623,6.565727839793808,1.0,8.19,39.9
6.0,57.26020118350316,46.58338884024592,15.08101595469821,4.750025081361926,29.59698551745956,6.330198674165594,33.97316263803259,23.839196844768388,0.167481302020557,0.79,16.1,32.4
1.0,41.39984021637086,30.202060883356772,11.41712062971329,1.2237873665578436,26.903051366554205,3.9017611231536637,27.155533383060398,31.78188357280008,3.358385337911389,0.16,9.14,37.8
5.0,66.28639902445444,74.23182619663777,14.765087394566542,3.71601734336426,26.17662096029205,0.10357762394032743,30.96208556039479,16.589090572188113,3.0502623687232857,0.55,23.85,19.9
2.0,36.22548235614199,18.157383369825222,8.098099213708675,0.3464178843751664,28.19692076610232,1.7595961908857367,31.040552808780316,22.90937348643773,11.503203763728756,0.61,6.4,44.6
1.0,50.45336287158997,16.068727671116324,5.128461667406654,1.1145287957865824,31.70399142676315,4.624839044654841,31.5147324453348,31.543315909852026,3.9889181479951574,0.51,6.16,31.9
2.0,47.11908429926781,31.179942339267825,12.088440704680695,1.845802872562928,26.371093828637164,4.538830267965381,37.7828233745657,15.816514793422215,2.26466986275506,0.01,10.68,38.8
4.0,40.328084965862665,39.631052704601494,10.86093542751546,0.0,33.68672127123119,5.410887867218873,30.32201850618787,31.466246372586806,1.9046268968441844,0.47,13.55,27.4
0.0,31.80944093120128,17.754432214760122,2.8414066849431068,0.5210139529243846,32.93981650854899,1.6275138784946455,29.061163433955528,7.994843713719312,0.6917985809492395,0.13,6.96,16.0
9.0,58.383947772769766,38.26520885898378,20.528596161877015,5.831932522785699,26.898539863833594,5.158831939728892,36.87873289714653,28.000664549191,2.9817397963302925,0.7,11.74,53.6
9.0,59.6426441293102,47.68679273528504,16.8546367196814,2.6439635548552656,30.521891525810922,3.639903400983533,30.420571288368805,15.078825043273865,4.440910753844288,0.92,15.5,35.3
3.0,53.71126508384258,14.433332719478472,8.330703835247062,0.14383015933824994,29.05334911104949,3.6523061516102304,16.843324447914632,25.440781504217775,1.7338707894234608,0.7,3.85,57.7
2.0,60.71656112422585,16.507793636040404,6.176490891903259,0.907694606199226,31.334461082720413,3.490079628251496,27.73827885959596,25.69891961620076,2.3338635164067454,0.39,6.27,37.4
5.0,57.0821085272927,48.77341111839326,11.69779420597186,5.768333992290315,28.663402579619632,2.900329477216729,34.643264739771084,24.33777881829803,2.4585566052759615,1.04,18.29,24.0
4.0,48.457818383409865,24.23731348957419,13.043000908266787,5.755217743719902,28.041584078769294,4.7309589763762165,28.746700863158082,17.72909130344053,9.795690103844914,0.41,7.68,53.8
2.0,45.797911043815034,15.130285144966866,4.340318846783303,1.2204723207726822,27.5055918555947,2.1204995277320484,30.784568453482,23.959615636243043,4.037564620683552,0.58,4.99,28.7
5.0,58.11262681530632,37.1845134127742,11.413007083329378,6.0203595354706,30.5901502908596,3.649823052072824,19.069674501739307,18.449488071680076,0.9849039237974655,0.37,12.16,30.7
7.0,66.55804781625693,61.46567034181822,19.461330831817403,2.9696458781363506,28.591144562439165,6.035736507429506,28.694216576729236,25.12449336440072,3.3973758110252414,0.33,21.29,31.7
2.0,37.19326312736426,11.094481405919684,1.587173932081901,0.0,26.040380856715537,1.9276023759723826,34.13071022200983,16.86065276520165,7.105335321770762,2.07,3.61,14.3
3.0,72.74578301698226,41.19048407984998,13.652756109430713,3.235279989907827,25.190395123922933,0.6691518714261776,24.013305790632756,11.694142808538297,0.0,0.68,13.61,33.1
4.0,51.64968890373425,47.661023313470984,17.942741016799644,0.06369419365999685,24.35589821270568,3.985363625023287,31.707784169938524,38.51884924808259,2.838066121167307,0.49,15.25,37.6
9.0,55.43511344430918,44.622118357129416,20.40679062010051,9.813316072601744,27.435818101744026,4.731924682322397,15.414959738968259,26.128532653851202,5.610099380501917,0.68,15.18,45.7
7.0,61.9566862196192,45.59322378977168,19.144903870024553,6.893109595450359,32.04419436505592,2.7633416249370386,16.21987360607023,19.997220121309542,5.374293547098437,0.42,15.34,42.0
2.0,59.87509962459978,46.319323167531905,16.67040596983953,2.101950967406336,27.957455557152525,5.090316691518926,33.67707876555707,33.458116044928246,0.0,0.0,14.13,36.0
3.0,49.96857048439736,34.228754468767455,8.912939502857416,2.2433938059076954,25.059841567190013,0.0,40.8063214558237,21.575455515758737,7.002729630143964,0.47,9.41,26.0
4.0,49.12100504169686,45.04585593946473,18.153387796298933,5.0132448108287635,26.139415440490612,3.9235231900228706,30.60299143147003,21.727891679047662,8.831599274095232,0.0,14.64,40.3
12.0,51.72281026181518,53.17674139864915,21.495922526827425,9.755996052776917,27.230146308368482,3.2331938466511856,19.56303804946237,21.280152132269198,0.1926494267734027,0.62,18.44,40.4
2.0,47.31903681543877,33.052965494110424,9.248861079383058,0.0,28.276648113687234,6.041447216883355,22.19440571921582,32.81550594916148,2.290167986018971,0.25,12.33,28.0
2.0,29.71785018192937,17.279276674508523,9.742949564281846,1.0155445035359032,29.423094203605707,4.654505752723139,36.46579389958826,25.52552484792701,6.841668392480531,0.29,6.89,56.4
1.0,19.993782632745408,7.0044443725550005,3.068059172693362,1.6137708557899086,30.06318378644088,2.16757010580099,31.811297987528334,10.381226337788606,3.0738926672321902,0.16,1.43,43.8
0.0,40.99408464090561,19.638799079723192,4.8536429810490604,0.6866281919461598,28.773271570064853,6.024798634628607,24.57855498505841,27.80005391651327,2.7638292817326056,0.0,6.92,24.7
4.0,62.92792842794936,74.51272965988122,14.459347869564699,2.365786806314473,25.430881476220122,2.6837095369080295,30.733787149553986,15.060714156768077,4.524547589262676,0.0,25.62,19.4
4.0,58.73525059452702,25.92759582547379,9.069596214633334,3.3838360434553216,31.052248164237067,0.7647066761143162,26.209892166883005,19.76445409749498,0.0,0.68,8.04,35.0
7.0,61.666036589496564,48.66161464119882,13.235964862615125,4.516382860444564,27.56267116217602,0.0,19.341153418745932,15.318681976657222,1.8298909351669537,0.82,16.95,27.2
4.0,54.302776467957756,51.40315086267375,9.904253077953827,0.6175740418670044,29.006870209018228,6.0302992136185285,34.40205531968741,30.82256888714775,4.381537308788058,0.86,16.93,19.3
2.0,44.81481287801486,28.97058138540474,7.403864402131912,0.0,31.682091262265388,6.922243067055133,31.067179199925324,41.73259144280761,8.418872445363814,0.15,10.54,25.6
7.0,76.05811075754355,25.40562667536913,9.0598570008226,3.2046684378900605,27.83347980680236,4.95339753323798,27.131157449812342,6.110753669035734,0.0,1.43,9.05,35.7
5.0,58.71499259111829,74.19806585804339,19.099567171123194,3.714815757471681,30.691465004760282,2.673307380142481,31.66505717336195,22.42806219215399,0.17320890152827362,0.57,23.83,25.7
0.0,34.29575838274511,8.846552475105735,4.691593712714424,0.4353298362643412,26.00931127391174,2.501859190395525,29.682154709936338,16.19238428151992,0.0,0.18,3.49,53.0
1.0,37.22621975036727,20.21334746481356,4.220642726223376,0.07589103852077479,28.333994790917718,2.2889697555099873,28.502664474982577,18.835651970407675,7.094186669038548,0.57,8.52,20.9
6.0,65.67761215388978,37.260316602375056,10.263955425841147,4.529490846888609,28.562775915479644,1.3020768487716015,31.389969836327303,8.671757299260783,1.3627556592587802,0.99,11.59,27.5
4.0,50.05519836981188,22.53055658241464,9.115432160603167,1.7778466705108285,29.891756552990184,1.8802239508707415,30.34601964520462,20.92322804208866,3.443688963168436,0.75,4.21,40.5
5.0,44.32251778458899,27.428241147834203,11.320266073090368,4.595282994507029,26.434889715088893,6.4694549688057315,50.08372726007806,27.04932955769228,5.582514472728516,0.69,9.05,41.3
8.0,65.68023787042875,42.861618005390504,16.45568305963703,4.476366156469339,27.918350478928353,4.111664754892062,37.054813085584875,15.655724794304904,3.655219102021471,0.83,14.29,38.4
8.0,61.70360453467988,48.88568745926482,19.35303310956198,2.9013450368779163,27.324234995206574,1.763337033314935,34.866468161346056,16.402984300803624,2.2220396071867388,0.76,15.77,39.6
3.0,31.46456755274108,16.361614274294553,1.8617036026549323,0.0,27.261387123093385,2.4349410383678984,31.030066593784397,17.613304571105452,0.36766737848809683,2.22,5.97,11.4
6.0,48.842552893733234,32.78841626522515,13.307348041128376,4.956470533495334,27.277946419909547,1.297342254883349,24.47334773774532,19.82858876694499,0.0,0.71,12.89,40.6
5.0,36.71739020833992,19.368217145909533,4.921453386096849,2.7616721862950016,29.3389312334301,5.87473511019234,35.532338567701636,24.976070461370455,3.6414523361474282,1.66,6.6,25.4
5.0,49.944034849961845,48.28861294728704,14.476474461632325,3.8566610089161393,29.73121063052111,6.233042951529484,30.409676081908678,24.236431085276,2.276733018519457,0.29,16.45,30.0
3.0,53.97473561787091,11.349525980269227,6.76786940024154,0.0,30.34395899033682,2.2278727831677765,17.06475672984698,24.002999111140593,4.419360660646088,0.47,5.38,59.6
7.0,50.89206349748323,31.464004573014236,16.264994286991293,4.618510585175907,25.319259834892453,1.3374820747263991,33.68346096561042,23.528925514665875,5.54780686790301,0.96,11.36,51.7
6.0,49.912725272515885,37.31931887489448,12.575886696546876,5.1597392606609995,25.707773324166766,3.496160746112319,34.80326259789388,19.18434895291217,8.887539889689599,0.5,12.13,33.7
6.0,64.51211865065589,47.63581653912414,17.10733584246563,4.371404034423031,30.643069722992728,3.393114656058034,34.97722541220802,17.51563307225707,4.687644486019792,0.28,15.04,35.9
7.0,48.8714490652499,51.85502451092425,20.44726587512613,7.6698850766972635,31.4806412385489,1.8234875669185298,14.231140094434956,22.75474776118881,5.424854115314226,0.72,16.01,39.4
8.0,61.661555021393156,43.44849687255012,20.61214440774326,3.50843806098107,27.780911361649164,2.4831531168261716,40.09516473294266,20.176116254761276,3.1333552503558146,0.85,13.12,47.4
4.0,45.286467231933685,28.601345382564006,11.07193568405818,1.2671263483543704,31.351681096901412,5.573599639232585,29.1211112253798,26.72399746854737,10.607704929996437,0.67,8.11,38.7
0.0,62.980979331646004,25.63943267727881,9.670697804995875,1.0971910730372003,29.81389704736298,4.1168301741721836,18.572044996219862,22.640197888872027,1.2794330112859027,0.07,7.73,37.7
8.0,63.06928068499083,35.384498560369536,12.494282407136767,6.242992028435402,29.98483036148816,4.877214585452063,40.47898362814823,24.627921445808177,1.6758144374613408,1.11,10.6,35.3
3.0,29.18281921390256,19.150299437343463,7.370618342423815,2.1293680067038183,25.228891341714757,0.0,21.07983503023419,17.111544216947152,2.9074159557621746,0.56,6.68,38.5
1.0,34.01740505150768,15.197299346798237,3.4173269664998296,1.5681840033403978,28.455969757598574,3.3054024262651662,18.102472914563634,8.884331081892347,3.5509152492044995,0.56,7.61,22.5
0.0,44.2772635587649,10.784427982209829,10.133018253411816,0.7394094886164625,28.39146743029062,6.616422104814734,31.12566623356861,25.69467691118068,3.982026671644443,0.0,4.25,94.0
4.0,24.962342408337584,20.831684096475126,5.804215037486219,0.24828825155085418,27.520043436403167,1.8444467028628937,34.517217939817044,20.880406578000347,6.126538312572295,1.21,8.53,27.9
1.0,65.17368678754323,61.48627336050669,16.38530306529605,3.3653942419251406,26.94125682683586,1.3454664290016902,20.752427419058375,19.120601050235305,6.74652138069839,0.0,20.94,26.6
3.0,31.728594749665238,25.61801179512296,3.4036195496375994,3.0913932636213746,29.273665473182724,9.180901004584708,43.56924225652785,28.727299059642768,1.1273540543848752,1.51,9.72,13.3
5.0,43.68051217598475,32.52775828807269,13.327051719252653,0.9193711915501899,33.299417439084365,5.836692044998493,40.929145993710875,28.521138165380606,2.693459482342181,0.81,8.45,41.0
8.0,50.35959223853944,46.74162482555387,13.944152469978523,3.2893966455634858,26.71036469894781,0.0,27.537688649970036,20.9960560374061,5.893373313482047,0.67,16.1,29.8
8.0,62.664785652264825,49.00122331013282,17.263100249267943,8.010636268348682,27.095995661347608,0.4758530929539848,27.571182413469643,18.7333702231466,6.847781712697747,0.92,17.53,35.2
1.0,29.649947977387605,21.843478761852182,4.604813971963874,2.5860579168995224,27.187846378987725,1.6909420306354792,27.62901470812262,20.80969358986768,0.0,0.69,6.26,21.1
2.0,60.45329904120779,50.3791940089093,17.388016537881168,1.473444866863298,25.316478847975056,5.409064938334057,38.33313941728446,27.95022308641618,1.4537613142206092,0.0,15.89,34.5
3.0,25.544076294173188,19.07212794834392,3.634826225402865,1.4459322025710903,30.082849125051435,5.846865915462496,37.58956232549588,22.69874173821087,7.61934787698008,1.42,5.6,19.1
6.0,48.28696729420584,32.98316250167259,12.49840192255011,4.219406506927367,29.53351837766631,0.43080630099153416,32.79560702713337,17.621784779864353,1.123202096734226,0.67,9.94,37.9
1.0,64.47862719211481,31.47497905016649,7.065734700788342,2.380198015898032,28.714709433312553,0.7336765676571524,13.085622494111949,18.35520707900166,4.98419799283792,0.29,10.02,22.4
3.0,45.999141488655745,32.787889091883464,8.981918630248973,2.804545117612503,29.02780110472756,6.592810995777976,59.94269205486966,28.43764059215147,6.886377610377268,0.39,11.24,27.4
9.0,54.54476658742465,47.6834976768411,21.06561657291354,7.46536924946008,29.938572867956044,2.256577514891216,23.370588711374335,28.064149417249617,5.634048536388034,0.44,17.37,44.2
1.0,55.96456402607991,31.119927889361303,10.74518625522008,2.1026455285396644,28.15330576566406,4.633225310115094,23.061850836683767,14.195107648278587,2.8207662052204308,0.0,10.73,34.5
4.0,58.84470725045565,45.95307182607472,14.121360746963612,0.44696427448165743,30.2030500348802,4.807600413576769,34.0585978684086,30.69861410087143,4.796442923125207,0.23,15.35,30.7
4.0,47.4942972250551,41.029980951435334,18.479394814240134,1.0187563794462196,27.834885490172177,6.426463674606992,29.12704984655979,30.263237957625435,9.488407822158088,0.28,14.54,45.0
0.0,37.4773917689956,32.3592519680018,3.896704435104878,0.0,28.002297515523153,5.203209887769278,54.861004480704516,22.680514282975714,8.58241372345224,0.0,10.16,12.0
1.0,32.7444096295192,7.662396093615875,7.9047398257374475,1.9836336524360194,27.217820651776687,2.386586229905192,39.79648799682403,15.55858148555768,0.0,0.36,2.63,100.0
1.0,40.23276612617857,23.416530442296136,3.441982144905931,0.11219044756652419,25.510481294514108,3.6445797285128236,34.404534320427985,19.997950449705392,10.367689992612014,0.58,8.48,14.7
6.0,65.76787304423404,42.94981168137492,17.625286133630585,4.54639912667525,28.91100752474549,4.04394676398319,36.911294610550726,11.475642045112084,2.1959967854780063,0.77,13.38,41.0
5.0,50.04567759526757,33.289781224620405,15.7940933397648,3.9316659668680947,29.093060521778497,3.687322830346724,28.02005544995623,23.253079034157974,10.376955395740799,0.41,11.41,47.4
7.0,35.183816505482575,30.12810955029651,9.176765395692195,2.9800816037002686,26.528179821382004,5.571681742202244,46.94767435473635,22.59748656416663,7.23501652335356,0.79,10.58,30.5
2.0,54.67184161079326,67.13247389614392,18.363126273764184,2.4606018984660274,24.14926544097339,0.9920057611315094,32.79926982377498,19.020103827617213,4.64686326492638,0.03,20.98,27.4
4.0,39.31218696575458,30.50522724195287,8.254515511942621,3.4919090174272402,24.19041715556411,3.5785134641484815,6.9197140037143186,37.672511463101515,1.8939200998471115,0.74,8.67,27.1
4.0,42.285098557908846,30.23716829628432,7.330390681904913,0.9442086465859958,30.16347871905557,2.58288925902673,6.0157073953368805,45.81680075974382,1.7707251422360988,0.88,9.5,24.2
1.0,32.60397414191333,21.076325324316404,0.46665640161674027,2.543838306914531,26.410083246291116,3.332030661928864,36.874003998266716,25.21666910732742,9.923871063434941,3.06,7.5,2.2
2.0,39.49717453702468,31.738596291496552,8.499574823813468,1.5766358070035662,29.89864245533791,7.573914993620171,49.756530613536846,29.052672649789475,6.90890544986953,0.3,9.41,26.8
6.0,51.33863946587842,32.78124708494346,9.894861307762294,5.12699416906938,30.966722335799915,0.0027717125612238824,36.704814389939514,17.31116004116779,2.5386130547501784,0.9,11.41,30.2
7.0,50.31953394661531,30.6387413749862,9.806012823158134,8.493003104443204,27.659804790603093,1.618360566259665,49.27800239628649,17.094961323725524,1.3092970767713703,1.16,11.06,32.0
3.0,76.12327206204982,64.22906863585317,16.200483929623957,2.911927850902988,26.315217357347837,1.9192180582713851,28.289015890754612,21.729466235587225,6.61099256800007,0.3,21.27,25.2
3.0,48.74629969875875,48.74951423390088,19.83938878264331,2.1990268438132694,27.285156756410036,3.1100312010876516,41.93676181005864,34.516013146655574,0.8463317889268331,0.38,16.44,40.7
4.0,35.18172673287834,39.643105907089826,9.164371304647135,0.0,32.54398608997481,5.973313018705464,26.3949784441451,36.245932857258865,2.5023395539396276,0.76,14.82,23.1
2.0,37.49138081953306,17.748424532400566,5.104244710136083,2.6581430360025635,27.20707467797573,2.592964096027381,34.32605251740691,24.325369530436486,11.083645123315137,0.46,5.59,28.8
2.0,58.556379217378634,23.74549438472159,5.275610217234695,0.0,29.351523493982064,0.0,18.430690767470658,12.316853412222276,4.755565123630707,0.53,9.24,22.2
2.0,62.15550329056646,26.352338398978013,4.726705076357483,0.34787376290609706,26.132414074287013,1.4474047835358173,14.021830992019261,19.854287521286423,4.197730005017627,0.85,8.04,17.9
4.0,59.801055545052336,35.27105173939587,10.826230592210111,5.099734266044518,33.30302146092225,3.394693968450124,21.837807232354432,18.82270299974094,1.9263150692304083,0.5,11.71,30.7
6.0,66.58413680982517,73.80900158211693,19.574900173158817,1.6318227920745962,29.352841892176304,2.855111597669104,24.251577133378724,22.885327396528808,0.7251452395046207,0.68,25.03,26.5
0.0,68.61505211153029,50.43223272335475,16.119810513592878,2.374878741117475,27.12436777975806,1.5850837218796727,41.50976482594298,35.23407058523688,0.9424147236123396,0.0,18.8,32.0
4.0,72.6624827195389,72.7397482167123,12.158622266229354,3.270597716115654,26.07283285248964,3.810302610004162,32.99634703807088,16.20768510758236,5.679814315329427,0.51,22.53,16.7
6.0,51.79803930207803,53.29932612808907,14.059285801003751,4.973210825556761,32.32504388825906,6.095212730846784,31.408163361861746,26.371519979214472,1.3532369994632205,0.71,19.09,26.4
3.0,54.542946445445025,52.26441618007464,14.825525179162522,3.3379923714871484,26.784144930350717,4.51157866404362,27.244030816758738,33.395245547428274,0.0,0.47,15.91,28.4
0.0,27.607954008275637,19.265222269875338,1.8805616800886382,0.0,29.839954626223147,2.2523688367873547,20.91475273524333,10.4818622784456,2.1806918247747515,0.15,5.77,9.8
1.0,37.631986179883334,17.537954115621385,12.943562955515702,1.4195693433153502,24.08901306200587,3.2510979516820817,35.409065743125716,25.027863604316572,0.834446892901212,0.0,4.91,73.8
7.0,67.2906365883145,36.82026461413903,13.048480485250954,3.903800476432478,25.06484029101937,3.1702608313680876,31.26607922042145,29.812475059736848,1.041853942062667,0.87,12.67,35.4
4.0,38.786214955603114,43.53382814658746,7.767190201077798,3.66675312854367,28.660831566443534,1.3061311890049956,46.21962871257643,21.348111815805552,6.4498176939993845,0.38,13.0,17.8
2.0,37.32900059558047,43.54879279653017,9.979154917695158,0.0,29.849797855541237,3.222142741791386,8.828622579360994,37.8949110576326,1.7859602903662615,0.15,13.63,22.9
1.0,18.79647992612458,14.262843992669152,2.588320280157312,0.0,28.107601242016006,2.8096575301482414,27.153558745374813,12.305365001121983,2.367617040718427,0.6,6.0,18.1
2.0,45.73205520013278,21.768653525559063,11.521533634966126,0.42178790178024606,26.042711469006125,4.935227740202124,34.46467826341489,18.350225502606964,0.3879232598847011,0.32,8.2,52.9
6.0,66.4066825223224,21.13306902471133,7.48739513300952,3.1030406144860216,28.886573057274024,4.483129183690797,22.278810200314727,5.018376605388046,0.6655840987505246,1.15,7.3,35.4
4.0,35.844689854461336,25.547366022175662,9.889453823973657,0.012477037573005334,26.71197972536187,5.535458747409633,40.04505099450498,14.660374675375497,2.2770048428092524,1.11,8.06,38.7
6.0,70.65771853925851,42.47446710777324,10.273560132523038,2.2985059589306136,28.62811438330576,0.0,20.171383633486474,4.933706637480167,2.482828191585491,1.07,15.12,24.2
4.0,61.791262304280565,49.921840191039905,19.054961666055462,4.445838875229247,27.31661459906372,2.279544929324941,39.0567881557572,17.231149830360675,4.457600136159483,0.29,17.05,38.2
2.0,33.39479929584005,26.16116648619274,0.0,0.9474016634313349,26.608367110985203,2.5966479047345143,31.334473093236284,16.32631835030443,2.226226511437747,299.62,8.67,0.0
1.0,57.33074250007717,34.869656452923635,10.47555460981548,2.3257357130288905,26.10634155456522,3.6845711980253304,19.233200977812764,21.45216725703481,4.194333423092623,0.44,10.99,30.0
2.0,70.55855659959312,46.96640209434266,16.00448013439327,1.8025808224823587,26.83421136653659,4.735206398245386,39.76721213126483,35.39177419299209,1.8732377087631236,0.0,15.75,34.1
4.0,61.09619904442639,45.356396011389776,10.632588749268033,3.9618064725106197,28.23147290210685,1.118015964107906,13.502141787098456,2.830090639042192,2.2879223332699112,0.52,15.85,23.4
9.0,47.33792294083514,29.658010360174025,10.549789190640327,5.160434952177897,28.32949999480051,2.251250596524686,48.88167079338597,19.57243162788719,0.8715370504929085,1.61,10.07,35.6
3.0,38.23856692069227,25.73636185940579,4.692587352739272,0.49663461497989536,30.25265001739689,7.400169605200498,21.929683628811183,36.3993462453496,8.964373451656826,1.06,9.35,18.2
4.0,64.5966676041048,38.853123090777586,13.311058474959756,3.7692166928951396,26.22491093566647,0.7256978572035875,23.362033618465812,7.699408216339816,1.2586257005283743,0.42,13.29,34.3
1.0,44.14822511060218,12.966703980856634,3.1380520110548606,1.559579297794261,24.570800989965015,3.3607438823978635,21.702468020249004,25.58963786751576,11.370666179467092,0.8,4.53,24.2
7.0,55.24726405498476,35.434341834813814,17.587516286198266,5.494040019212401,28.32941307165605,0.0,28.727252300818083,16.3947788816856,2.68604707164358,0.3,12.24,49.6
7.0,48.399344884959746,37.42469322574081,14.522804836234975,3.3923929599635216,27.86729656046769,0.6335267520799327,32.64651479099916,21.921573253916208,7.148666509420891,0.51,12.28,38.8
0.0,31.74404380839795,14.144294134595338,1.0461085212362358,0.0,28.397885179790936,1.805508515135224,29.32938911853195,12.56589324470394,3.9296806966072744,0.0,5.6,7.4
7.0,61.12524534254079,39.071074305290765,20.30333116609495,3.897896941108561,29.956329614990842,3.400641638339837,33.059618730481645,17.369067919398088,2.5595104247781806,0.34,13.6,52.0
3.0,21.90110536661554,25.22966358218723,12.198551590442516,0.0,25.042067987640507,6.207716755909506,31.579182917111282,24.79592500671592,0.11057714025998122,0.65,8.44,48.4
0.0,42.17294371260796,26.061433906571644,4.502393735020635,2.034319416401822,26.416847562989854,7.103558472497321,54.583836448646714,29.27639344499489,9.660922962495171,0.0,10.07,17.3
3.0,54.24342299688163,13.835291727330093,9.348712029029736,2.1514706790212332,26.68201199728781,0.0,29.17131955716436,13.376693460594822,5.574331147518468,0.22,6.93,67.6
7.0,53.567067456319805,42.19143225833268,12.429469904316896,3.137448110221359,27.920488311350663,1.6311447092848548,28.1707017869527,18.564697110214624,1.286022284948995,0.91,13.58,29.5
4.0,57.88115489313425,72.91923158810494,22.246353893203366,4.758692836954864,32.541162911670696,1.7182043796485915,27.134297618975015,21.309840648643092,2.444370953270731,0.33,23.72,30.5
3.0,34.177515900051986,35.30582666643688,7.882394461164164,0.0,33.21174757098981,5.717416616883017,32.88670985691439,29.77872205793862,2.537371554667666,0.8,11.91,22.3
1.0,33.24183595818189,26.635975400929542,4.923244733336373,1.6858799028275335,29.19027752958868,0.2040506367588002,14.003068911450356,13.299825156174645,4.35125179125937,0.27,10.34,18.5
4.0,68.450900139114,48.391423472444735,13.995792150739138,5.122132322230476,27.64320107666139,3.9092970506264635,28.811475889827623,30.908031683942685,1.3958322227536526,0.32,15.65,28.9
6.0,48.62437360777698,19.868025122296185,12.27980591430417,3.7152365838912327,29.10997331276569,0.41281193032154606,24.963419519958777,21.870577396477575,2.1665002157037367,0.49,6.2,61.8
3.0,35.815617628967836,43.17018884549647,8.160245671458142,1.1144760588187792,31.93720823615273,6.826838630709115,34.47995386137652,26.725373370033694,2.6986585984290707,0.36,14.47,18.9
0.0,39.25316297815605,15.57681368828049,7.736205296313626,0.0,27.9611282339143,7.1053069074036115,30.197781186216908,28.83924387404342,4.503986494264965,0.0,7.28,49.7
3.0,45.12364969250069,34.46691100874325,12.730572271782734,1.582003354428616,27.49766229279628,3.1556383377793136,24.080747076726414,29.785974645417433,0.627464184654654,0.13,11.22,36.9
7.0,57.676183809423314,45.890829251477385,14.874037668424322,4.177023128993783,27.554422193850026,4.750542694629885,39.87232020348579,46.70174748576002,3.0950615015712293,0.94,15.03,32.4
7.0,58.308778353384696,45.33619601557789,13.844645762961722,6.503798587771126,26.45505685998294,1.2882392270885654,37.82684926883054,17.760193850665107,1.8470992962828408,0.91,14.49,30.5
0.0,31.05205254970849,17.936881086655138,4.8586976345351065,1.7312365010616992,27.37360971119693,3.131777884520952,26.335968280478486,8.743214532081149,1.970998151191536,0.0,6.56,27.1
1.0,39.61870243084051,25.212770750896755,5.173418300290204,0.6877449672405263,29.11298471466911,8.616766074813707,38.874525959657284,23.77427798801831,2.889569049206129,0.38,7.87,20.5
6.0,45.79131468567443,27.911080462520566,7.348683259397939,6.192040216440457,25.19657646599216,1.1237870467783035,42.521736159005904,12.954356085621848,4.195734196632001,1.17,9.28,26.3
3.0,56.057810301394774,51.37301425711124,13.122714282754648,0.0,28.88457686255066,6.470400762320152,30.57564101765311,36.495445520380144,3.855763906879654,0.03,16.69,25.5
3.0,67.40585886276621,46.205212743997514,10.402722760077447,3.2681310797641103,24.47943104026243,3.1855777404625356,26.610253671489406,9.16127197341308,0.0,0.33,14.9,22.5
3.0,71.1011036008795,59.92551728508663,16.578748632392152,3.9061652090195653,26.197654443268355,3.446098618575219,33.032421412371335,38.47067133033918,0.0,0.33,21.39,27.7
7.0,65.08266495931704,47.625083776640714,20.30986196237639,9.232550363440325,26.430172481905938,2.7575492605429015,28.51435004746625,28.395370197936774,4.535200334716485,0.88,15.97,42.6
4.0,65.7804024426058,68.16810821197438,14.356971775029525,3.223840172783236,25.730649506705237,3.097221329671825,37.904032942275045,17.871586507295724,6.366536974306555,0.34,22.01,21.1
6.0,47.92592877884431,31.513320182967185,11.7143234722881,5.722399734831706,30.266056305132054,0.24150234642685287,41.33703222689331,19.240362159805855,0.5282621169478934,0.43,10.95,37.2
2.0,66.24897199804533,71.25353357055087,14.54321937351658,2.0874118018223733,28.05208484071425,2.8452732970420955,34.018907347764795,22.545954282971405,4.349872116786078,0.54,22.85,20.4
1.0,52.3910199034983,45.3259918378858,16.898301950966243,1.6892080889446086,28.030129382344803,6.03850726617126,33.105739496605054,36.16526260574121,2.7801265602026115,0.23,14.19,37.3
5.0,67.9484274619965,21.693853793680464,10.712759985359646,2.315660542460178,26.343728285891853,3.489495678169601,16.377578293986716,12.551849753561795,1.7158632520856525,1.02,7.72,49.4
0.0,29.591154057161482,18.080200435670342,7.012294481549893,0.0,25.69140773857547,0.0,24.09617578168731,20.65902947250288,8.91894788900408,0.13,6.33,38.8
3.0,44.486556503960195,38.15394307191305,12.304890265781808,2.309379646575572,27.076929938214356,3.1397001578083854,29.772618029202405,25.34514630438378,11.570275036745358,0.41,12.03,32.3
4.0,63.12104294246787,59.96963723158482,17.929795438212356,3.703398391977128,28.319200780216704,3.9997558319580198,28.72809902377292,32.666338546608785,2.383133731305609,0.47,19.24,29.9
7.0,59.27585318935732,47.99756607071084,18.393254241654486,6.516116180355043,24.03867058304987,1.010021151740569,28.556527832773828,15.067085600541784,2.483019451682386,0.7,15.89,38.3
6.0,56.57830315041697,47.4874949911402,17.960331708549546,4.667550219001795,30.74712790940861,5.799068073142299,40.030657252176134,26.32560022102765,2.1932544771904556,0.61,15.06,37.8
0.0,33.854704969710994,15.473400262620709,3.7831023505201875,1.1373413245651045,31.284463968227854,2.345620344651446,25.689556508928565,15.126571730949053,2.2799420493054465,0.02,5.47,24.4
3.0,29.216927342769218,15.421955113526906,6.760496686657838,1.9369770226201097,29.123828937053396,2.6154919438900808,25.445455080555774,16.4946279952176,4.145512794819021,0.48,6.82,43.8
8.0,52.48187146068803,28.480526693010884,10.240900930464647,6.956025923796124,26.587932625185925,1.483366940824098,50.26251482046477,15.687859636204589,1.6761164658772822,1.26,9.69,36.0
3.0,59.40823480584679,35.47383819495688,10.736227242934802,5.064658850408142,33.918969252272035,2.705477909187363,19.741565406543984,15.611231167977863,0.3311532057855937,0.47,10.5,30.3
2.0,36.3266815248766,38.08971353126638,7.434811705454007,0.8549039226364025,31.214093031863772,5.056288483746123,16.98763878286577,42.04026145616538,1.9840602932491767,0.21,13.2,19.5
2.0,31.371386841939326,20.822587640354378,6.413557605585931,2.915653804258344,30.579623385776415,0.011127652364416152,15.545635525532171,12.404205475123723,7.158863445612997,0.38,8.62,30.8
3.0,31.57464454534355,12.620898989705442,2.836907288261286,0.46487922081604455,28.83438940048988,2.181472216858641,30.39384221080625,15.339321296315436,0.9022363238802023,1.49,5.1,22.5
0.0,54.49355454924905,16.441516244245115,2.2105513101150054,0.0,30.020768935648057,2.4740888793905396,24.152295097744123,7.1428227900023495,4.343038283114542,0.0,6.21,13.4
2.0,34.25704145811204,23.532270118823526,10.948561855638886,0.0,27.74235132171204,3.2774622574061985,32.909154087745854,23.817621897756503,0.0,0.25,7.98,46.5
4.0,47.99848098312699,27.841785257934717,16.475278400119763,2.74357483087142,29.828589530822782,5.210021311445743,33.39151025781589,25.66665744549767,9.269847902281287,0.54,9.5,59.2
1.0,36.81531007869277,22.487309967949926,6.606821206111338,1.4769595703834142,28.987136500532795,5.759216603562429,33.73864580403222,26.95994294264362,7.772511565420813,0.18,6.73,29.4
3.0,52.215055055678505,71.50690456801858,16.25656976055192,2.3102124552708947,27.747626132528477,3.487715426198682,31.18827814454125,22.098067880792104,0.0,0.23,24.16,22.7
2.0,71.55444120473435,73.02203103036719,15.960970394496597,2.092131191522591,27.6770520471682,1.6939545349355825,29.102199625354206,15.698785946043387,6.1997882252749115,0.03,23.58,21.9
7.0,59.49792232163835,32.00601386200138,16.749807345953943,5.41925890944355,29.794778727140198,4.854966308471577,39.391556571563655,29.224288175709834,0.0,0.81,11.1,52.3
1.0,42.187693176101206,23.789825886626588,11.30439956263216,0.9519868668591486,27.12646670836565,4.731723078675554,34.59158742280438,14.365724498351,1.3883835149839387,0.0,6.41,47.5
5.0,53.82417560874452,46.24289350739045,11.630007699747214,0.4508735190104226,28.108253416359915,3.720352151650757,25.378999515265107,29.51203887691589,4.7098852221437175,0.57,15.21,25.1
6.0,45.14651387071025,30.290743814958383,9.715124479436618,6.300448836813862,26.67909464595236,2.00357859082773,38.207127498786214,17.807133455004845,2.654767453518181,0.68,10.57,32.1
2.0,48.26229945106698,33.86642551417086,12.428608081422034,0.9538001692487351,32.37319362946834,6.218829718159773,33.76215786794202,30.831980876985025,1.419799098524204,0.02,11.62,36.7
9.0,59.321847377575935,43.3227195101398,17.761672593621128,9.53697612069988,28.056793678184036,1.5954255283368668,22.027894415739134,21.718362314072163,3.560287983240293,0.77,13.51,41.0
1.0,44.33132949164909,20.802664751864523,4.537534857618785,0.0,30.45701686881911,2.8516780771464485,32.330063990784325,12.79713576235891,2.949794773064739,0.11,6.39,21.8
0.0,31.575269374414837,14.544700910770093,4.86594585608727,0.16392406359342962,26.28601125134143,1.4939107088081114,23.334788263112692,20.32596029511039,8.290025457413092,0.0,5.71,33.5
9.0,49.66463284568106,27.808202540747107,11.906443804565795,8.474482007378256,28.512916121345874,0.3024580575248854,33.9058871400678,10.654621212009538,3.087863340374958,1.0,9.46,42.8
10.0,50.85634768524084,58.20486487607603,16.152205766958648,7.083091703919759,30.364214768570616,2.54939152869773,32.20768407297251,14.32608754330936,6.6403625133661,0.92,18.32,27.8
2.0,49.62937484452877,37.54196249446865,8.922353026605087,1.1734332623300565,26.069727322202223,4.818490366230797,19.023414677428185,35.10314016613146,0.9467734650969906,0.24,11.85,23.8
1.0,42.88372797744886,33.777668884577906,9.539728930580894,1.066018749343197,25.481912417172637,4.962245292316136,28.670120330904226,35.84501310266409,2.677644670940998,0.03,11.97,28.2
5.0,52.41808602752505,32.407081885283205,15.337522335842854,4.283782608325773,33.98043387411067,1.0554232800790913,29.279419953456948,20.227468792941316,0.0,0.58,10.31,47.3
6.0,64.20227476390144,73.25376790146528,23.908235601582344,4.665453219832256,30.19464562450031,2.1961831415437625,25.21720693980655,23.637923572542935,0.6919633411438528,0.43,26.11,32.6
11.0,59.35884248614819,52.52324893613833,22.84198923655714,9.072415037728504,28.50187016120133,1.8997792033263128,24.5197258024022,27.100377235416715,4.583080021581473,0.64,19.14,43.5
3.0,43.34831382994056,34.117466057511244,16.453984230097593,3.5584484838729615,28.32335070023059,4.413235915105571,29.885733008296405,21.957531967884126,9.667210281229684,0.23,12.84,48.2
7.0,59.314841925359325,45.663485729424806,22.20185719450354,8.069336808472487,28.07391932834823,2.885094319878361,34.25099696025007,18.77522194780006,5.155146283787428,0.93,15.1,48.6
9.0,60.833963880894686,54.39674891141887,22.627870689930702,9.680969756945524,28.70459203234452,0.6386721466362367,33.68472804318885,23.996355744874254,7.499534156976615,0.5,18.36,41.6
5.0,57.14981693715902,34.715541777643445,14.81955606738873,4.918125822809161,27.145510481405235,0.7313221224750432,33.738367711224996,9.460634015829264,1.9317957773516603,0.17,10.36,42.7
4.0,57.04593629425596,32.04647373818481,9.75074924889601,1.7508293803531094,25.27555458565992,4.051051506743348,26.48283171728771,34.75255137036404,3.113442518570256,0.39,10.75,30.4
1.0,48.327357810672616,45.839851169915605,22.066025084498367,1.6901550986359268,28.477689878190084,5.8439514005189315,33.581568895364136,35.949034512558555,0.0,0.0,14.36,48.1
8.0,41.23087621859461,29.473320875592808,8.76787164785621,7.171187143745663,26.185586180425176,0.0,50.02467250876951,17.208342164372567,2.9950288980670146,1.41,9.58,29.7
6.0,55.02760371532756,60.349255244449374,13.848501175337706,3.2645124648323547,29.280676376134036,5.873751852250412,30.931843808098577,26.217832502708657,1.2279235253595489,0.72,18.21,22.9
4.0,43.642121574374684,21.484952290965193,11.941524948641435,3.0952931191602344,28.133567966874374,5.498591096835703,26.67354833786498,36.17743074507538,1.5228190229654726,0.65,7.0,55.6
5.0,67.0570156344544,51.47272600405832,14.817568761515252,5.5480082208186925,26.05733596626698,2.101422964239658,30.23146177569127,33.52832209029708,0.0,0.49,15.47,28.8
2.0,73.24909303164169,43.05443717766089,15.499396042889739,2.2413347984572276,27.93356867770968,2.1263934497220656,23.506958004976614,14.005767377745084,2.0528775618955253,0.42,14.64,36.0
0.0,32.97400711645101,28.92664773346516,6.765179399310261,0.0,29.125893784819276,7.8730660663320995,35.04492223246218,40.25673483411836,5.359212765425678,0.06,7.99,23.4
7.0,48.03636282917349,24.13281051902868,11.577515097729824,2.9250086987887403,27.715444699008927,3.19362815594323,40.965725671520474,22.892660940231707,10.985167350642719,0.96,7.75,48.0
4.0,60.19667489819669,27.773674257691063,11.989570870660197,2.1334432790439806,28.10904395308843,3.997787290040244,16.648529971220746,21.213425968551622,4.911117426408424,0.36,8.43,43.2
9.0,52.20248466329055,48.29139858327112,18.372477421556088,10.064025156840204,28.500343730917805,1.7313454790734402,31.73544210360301,21.988937114285065,8.619053841171656,0.95,15.95,38.0
3.0,44.76410702204106,14.384305237895079,6.584888821681608,0.0,32.23093484906167,6.396398301856538,26.8606619969009,29.44005552964684,2.155610875246566,0.67,3.71,45.8
5.0,71.63729889302874,24.959974020506724,8.93367774186962,2.8367994922519424,27.147668744930375,4.168740509675284,19.312162145188264,3.1967602791544687,2.7704509164523365,0.83,10.02,35.8
0.0,42.49601041477583,20.039711939281492,7.1567733529411495,2.1527459642976536,29.2256597676941,2.171520695452716,18.830671680531285,26.85382709018325,10.694613504880138,0.0,6.23,35.7
11.0,58.956150594471296,41.00729205864814,20.976154305039792,8.302389960848515,27.413910857261577,1.9990069145574578,24.02246884935395,27.522674711161358,1.881085041378273,0.98,12.09,51.2
6.0,57.1163269029204,46.016366681183484,11.026957054757622,4.974756579932044,26.41539588681564,0.0,40.11373076995208,18.374047392380106,0.720396476094243,1.02,14.87,24.0
4.0,70.40646252361489,24.525075484686024,11.33071357528991,3.2395477208692314,30.842985863428254,3.7733135712988304,14.350471512866037,7.643585708491754,0.4706497609646709,0.23,7.47,46.2
7.0,61.670640593973374,48.8616456109205,15.668214634307233,3.8048914397397944,27.338352328202387,0.7782479819925904,23.76056553071578,14.363023020365704,3.0227476273433744,0.29,15.26,32.1
1.0,35.40518689228731,20.669004064753867,3.730551208721808,0.0,24.862265132147442,4.581834600776454,27.27238922886956,22.789499901646384,12.131583063951737,0.54,8.6,18.0
1.0,37.717962028427266,16.447858765641524,0.0,0.8663277539167937,29.886077787962062,3.7882312736443966,23.136341811119927,24.3562081925076,8.593321702511762,150.02,6.31,0.0
8.0,55.91680752930478,50.961790020560045,21.677813128619007,7.124871972039316,29.14630977630638,2.6699427761606214,25.269435953327985,19.256398822264206,5.488408960269829,0.5,17.52,42.5
3.0,37.52423518593552,25.851347820416596,5.617077874708876,1.3563658202146505,30.062007774009746,2.32402641777905,35.98462386599535,24.413485446953068,8.950061430230342,0.99,8.97,21.7
0.0,50.17710503393599,16.46021447590602,8.478177728646369,0.0,25.964573710520277,4.9818029524683904,37.974595971313676,19.734607155097446,2.4701203509615244,0.0,6.73,51.5
0.0,41.04996565687557,21.523902753674996,6.605289689330672,1.9243573680260055,29.85082685815081,6.5037941242584925,55.23468149207614,27.331506291734,8.178512880002835,0.31,8.14,30.7
10.0,61.31906194354492,51.685100748134836,19.186378910790257,8.453451703763525,28.253568956338885,2.2285720820619974,44.011216366864566,25.006421693551964,3.0695451643928724,0.64,17.07,37.1
4.0,47.44325415789345,28.5855435424756,19.079642672439004,3.3365486897855523,29.507659641919087,4.814603983310635,30.39572834288989,27.7252927488311,11.248641334328264,0.29,10.47,66.7
1.0,66.05840160632827,64.85189599548828,20.368461203509803,2.034332086152769,26.757202851963402,2.258202734701137,29.55670919660385,17.129908795601423,5.506192743393052,0.38,22.38,31.4
7.0,76.12142726873563,44.55762798870927,15.653974618902987,3.4103115931107184,24.793616504425284,2.4648587430891844,33.076031275037096,27.50773123126418,0.0,0.55,14.86,35.1
4.0,37.45101195528982,28.36446271090571,9.935943932991552,1.1532940018810254,26.387411781429215,4.184630420857442,23.976713683929354,30.852906418555605,3.703364632158434,0.59,9.31,35.0
10.0,54.59513339013725,44.43873634938876,20.683607884556682,8.428397523356985,29.60909547444004,0.42884748609157475,20.82317758703759,27.54898641606679,1.6135893717754617,0.55,13.71,46.5
5.0,58.85755437744803,45.13794893550901,15.910866201149036,2.6640693029449034,26.943559351351325,0.8782627462163746,30.31898131666618,16.65927425182043,0.2797232924414712,0.86,14.94,35.2
9.0,60.724492751338396,36.390731381621826,19.33392044852216,8.633366121331067,26.647041945567505,3.136746502648463,24.380095746497116,26.50670416105592,2.0532152640474814,0.68,12.26,53.1
2.0,45.426403648858305,15.713092464385685,2.9936093661014125,0.0,23.974058163603715,2.6520381052220685,28.08077970664593,18.55381257931502,5.6633137973326715,1.15,4.25,19.1
0.0,45.053483483482616,19.87615837378986,8.205681421467089,1.5642555965380098,25.63095842908338,1.1796957687170706,33.998426282857366,23.818435149954603,9.907625377828783,0.12,6.11,41.3
8.0,67.34403828158479,28.86815827062712,19.82570321532915,10.140895977150274,25.55419809955599,3.399779917616851,22.596167767104866,23.893590204433394,5.135129152767325,0.64,7.59,68.7
0.0,39.549710254998004,10.053777599405063,3.7848754081524554,2.757071341531166,30.66187422373368,0.8757232964758397,18.288349012053246,12.823203615157073,2.1806278466824356,0.25,3.9,37.6
3.0,41.3101210056727,31.235155282757326,3.035668791718986,0.0,30.69069317684894,6.994467665508404,52.07216795880641,27.291519325702886,8.658304370800396,1.73,9.85,9.7
4.0,46.445004935906354,33.60613523455208,14.988005576737693,4.957732001565207,27.620777671551526,0.7513365752373726,37.92741294914788,20.04414353792984,0.0,0.7,11.71,44.6
3.0,40.0736118144371,24.98958924951536,11.765479237416905,0.9821535902065107,23.461473877641257,4.704618015310798,37.32783598937651,23.944220794463938,2.152196676166728,0.45,9.79,47.1
2.0,38.50538039401647,32.251702920309114,8.664801077181119,0.0,31.54731160322071,5.146471877487903,18.9534310501292,44.35805187244262,0.6209844773398638,0.45,9.87,26.9
10.0,57.266674826578125,49.7376329151234,21.300274673847124,9.649581331646173,27.885923334682783,2.0784261944729465,28.011211086703227,17.24423321857964,6.311614486865361,0.57,15.27,42.8
0.0,41.58894508355968,27.558022790605904,6.23142162740298,0.23130526453168987,25.478318588345843,6.19419608974362,28.458160143434625,24.97010767052223,3.3768498351701677,0.0,9.25,22.6
4.0,54.73991360223306,25.000610049971637,6.0309153958496715,0.5465373496306296,30.720602972781382,2.7571371754279483,26.256047242209466,19.99088609016939,1.1896034762133123,1.11,9.44,24.1
7.0,59.1381403079778,53.65208506525296,18.74480088587887,7.567359330070413,26.403984347695168,1.3606492025212038,17.7398331087983,24.105708029765502,5.521819371046687,0.62,17.54,34.9
2.0,40.47835588201109,17.95204642887703,9.736771596830588,2.37804935912478,29.53417530545952,4.320268004930212,36.17051814943619,23.672450151543277,8.27958298413324,0.39,3.53,54.2
4.0,41.34823442900162,32.017502601654755,9.663654565616891,1.686087126114197,32.409053412159615,6.501692171310146,32.37823305396298,36.26938074530474,2.8666194598027412,0.15,10.78,30.2
2.0,26.257030110187987,26.14813388779939,3.4282357538500636,3.119700400573625,28.403571840633965,7.291219121762216,44.8627090952566,27.125808347129894,5.062144098683314,1.19,7.5,13.1
5.0,63.53921847334056,72.22166134784133,20.06774109887049,2.5264766184458027,29.52753229164065,4.34133006954968,29.46210573669618,23.405847525656952,0.2633386648904501,0.31,23.83,27.8
6.0,57.87687121367019,28.052410037180785,9.33339649491567,7.905216329067605,27.523310541841013,2.8242875053367738,42.40578826036592,14.221658027786852,2.2966769739319535,0.93,9.08,33.3
6.0,62.04956418748941,55.43844708113101,21.043219391746476,2.30223442143685,28.318058971714088,6.243869513218186,34.54253187620255,22.758603605947513,4.186956853382321,0.43,19.44,38.0
4.0,49.84292088520397,24.19588401045488,11.402211519984096,4.92384049536564,26.861427439353328,4.669726202706611,57.869700255155664,23.85335918867157,4.752266414518359,0.33,8.79,47.1
1.0,30.516901465564644,28.789603993399513,9.742643616175693,0.252757812314615,29.664684674000217,7.295616738785135,51.41141628237154,24.32446446773098,4.077940560660448,0.09,10.88,33.8
8.0,47.83662690956767,31.624510384651032,9.031129332451652,6.153862355369774,26.43115301976535,0.0,44.18806422100587,14.283573649436242,3.8978654630030913,0.76,10.15,28.6
9.0,49.933611732942964,49.53016328198027,24.015526151303128,8.37509003757692,26.77334871318406,1.8295492202251546,28.63354236504857,23.694276404936925,2.497041919316068,0.67,17.22,48.5
1.0,56.249594370380215,21.854339636187788,5.3469790080647,1.72994634876156,28.16591299578071,1.2905341133500827,21.47350034712578,10.431924922974028,3.9004920159205185,0.3,7.65,24.5
3.0,47.5608122614319,16.316811714758575,5.097783906515071,3.104542245549216,28.882971358886486,2.672041773042321,26.486089902265967,6.481086382313091,2.48213338707675,0.89,4.51,31.2
3.0,71.37325458948901,22.37658232129314,9.044620290219815,4.493534509823013,27.069681798259914,4.852826512517975,17.729581234019964,10.058540314158645,0.9730579261789081,0.44,5.92,40.4
1.0,27.961569794315775,5.565144606576885,1.2357695241137754,0.32410295159315233,27.395984641284986,2.8691051213945835,21.3981448382281,20.387810411762217,5.089813537323119,1.27,0.48,22.2
2.0,33.68711671470108,30.855395696539517,7.809461855846972,0.08023284009864795,28.264021414023222,5.890912726070395,23.784761925000804,29.347945812352844,2.1622093797943363,0.69,11.21,25.3
2.0,64.28599523377984,66.70697353713085,16.57491712291366,2.2300379224954123,28.052111036306012,1.4402402402774641,33.68922299003836,15.225945234134139,6.47151545292258,0.08,22.33,24.8
0.0,34.14601364384752,32.068806699472525,5.769200649550363,0.8338416462292615,30.56582178210886,6.982545660534239,34.98169342521331,41.9290793051543,9.630055768643569,0.0,8.17,18.0
4.0,50.968231111540746,52.77824458204648,13.58769074122319,0.0,29.01780902706648,6.314281579087153,29.482239226531657,31.36473272644704,3.079107806169119,0.68,17.13,25.7
2.0,74.47431425580173,74.60705875176113,15.858732040696053,2.8512704121826062,27.72091682287289,3.5208512320637793,31.508038593450053,18.432092705937677,5.021742173151045,0.55,24.5,21.3
8.0,66.48637108536073,46.7358319960454,17.45745736108609,7.108080733845327,30.835998443510327,2.8297041293737117,17.60843589823091,13.944612714583952,7.038841414601535,0.42,16.41,37.4
5.0,70.34806394570437,27.58158264275103,7.891249589851339,3.051861071363858,28.167431838765186,2.754089851249675,21.96299295506068,13.859573229743726,0.0,0.98,7.12,28.6
1.0,32.88582968708477,26.86952804214197,7.9244277288410885,0.6696507534485285,26.871549206310444,5.015046943458476,32.04734836246063,23.53492986894708,9.828597177837754,0.55,9.64,29.5
8.0,54.352974483374595,34.83417774205214,17.65867493959962,9.595323287892665,25.491210471201804,2.7021046552564694,29.09144651655354,26.249977181645782,3.537329224045018,0.72,11.72,50.7
1.0,59.933304139254915,12.279963650610586,5.6829534780941575,0.4824665110868056,31.103872125564603,3.5804197564673585,29.40281447153834,22.38724783443612,3.9894181872223156,0.42,4.61,46.3
0.0,33.63070316235633,20.806593266090648,1.0893729127415854,2.0774939503558203,27.575669610528223,4.101985688962756,18.275203903614557,24.891207217567597,13.375012721250883,0.17,6.28,5.2
0.0,52.4902779918547,31.711496745501346,7.1461675295816764,0.0,28.249647322746192,5.397895093465949,39.6311397611538,17.40119577978604,1.7208265949857195,0.0,10.46,22.5
1.0,44.508591550013655,34.77894021337985,4.809060089889287,1.610738059014576,24.983557604058873,6.260506246977814,59.30138712312669,25.42636812583844,6.675700267393751,0.21,11.77,13.8
4.0,66.93274745592996,23.95280130969338,8.707938334354392,2.18676796037992,27.909392893633335,3.666751017678922,19.67348638785271,4.1421518517546065,2.7101791509705393,0.45,7.82,36.4
1.0,37.518775643475735,40.28827640273712,6.806697396814658,4.198398193291884,29.637372869070376,7.599982202575559,53.453577152391226,27.221128035874617,7.6559958571235125,0.05,12.5,16.9
6.0,68.0570762751094,43.42692001008042,11.846366052745887,3.737528063466538,27.412873031352547,0.0,31.121417071369287,8.476049970856186,1.5246992407048774,0.68,12.46,27.3
3.0,51.893341382390105,47.51794657362452,12.538302064192578,1.8098460611194271,28.777355898403723,5.8247017407860975,33.929064917773275,33.714592090702226,5.665415164415168,0.14,15.37,26.4
1.0,41.053338707603885,22.31300183331632,9.731312564731057,2.0876736493006396,28.45680597222312,1.3373357988552796,18.51232679796528,13.711910910207003,4.4400266507859705,0.0,7.7,43.6
5.0,52.959837063361945,54.65216903838447,14.079447359476614,6.4513754610703815,29.982992257617568,5.15163346357691,31.08328533560756,26.308895727393832,1.2481997407480079,0.31,19.42,25.8
5.0,65.05946038608742,24.35513707424515,11.4369746330728,4.467594434014281,33.068588927522654,2.9854399163808236,23.479364534302643,15.660544797066903,0.0,0.73,6.6,47.0
8.0,64.49473786154589,41.55214542079575,21.719240011966317,4.745438962086163,28.721853656569046,5.071243234406248,35.73159970055851,28.1142937181371,2.20404964630751,0.38,14.9,52.3
1.0,42.37139826819126,16.000334581988724,2.9363108072372803,3.0624952635468503,32.14195328678648,3.7642496969517487,25.52799988146647,24.83434627098139,10.486761345712104,0.55,6.1,18.4
4.0,48.88190878082321,29.114648871151537,7.075515281918355,0.2215290863262639,27.45924425135457,4.75008361491739,34.8092905022467,33.00138209100406,2.123236513868792,1.02,11.21,24.3
2.0,39.79319302951494,22.875119630476384,3.8519835610697952,1.6686239088497985,29.296728821614657,1.5357750389770408,25.82485248209792,28.17171941643977,10.342150235677662,0.81,8.31,16.8
3.0,32.692142364535364,21.88441295655479,1.450081743235709,0.27270840729127993,29.689468743529222,1.1331808714058549,29.415800416996483,24.47186772706211,4.293374833201974,3.29,7.21,6.6
4.0,46.50181197807681,29.570523457121887,15.26151613786477,2.7242377397803774,28.01272386130535,4.820774723952679,27.462655284787424,23.25023863464088,9.174860825009464,0.42,10.71,51.6
9.0,60.93785760790158,44.20935483552999,18.207995090013505,7.056343272283778,28.397175898086907,2.9532716168870503,25.66254563191309,22.861645363813984,5.090964443457301,0.66,13.85,41.2
7.0,45.541403528351644,41.279689524972575,20.38671044730115,5.917418664393614,26.958566358556396,5.631901467646787,30.231291884411085,17.79052381775629,7.5700992771616935,0.72,14.68,49.4
0.0,44.874464813386695,22.356349588933114,6.024910887186815,2.7967534654264914,29.659228741993648,7.166793664530993,64.92613267835678,21.992139143595693,7.021626662254271,0.0,8.31,26.9
3.0,55.36174844992858,47.2800281077119,20.99363257907764,2.0001146437703596,28.48138271004168,4.884153727651746,39.90569576785842,33.2639812085468,1.7295152075133424,0.23,13.32,44.4
8.0,47.97133652706496,33.15042800529866,14.105675731815452,6.303561892423716,26.966629841892367,0.2741652999859421,38.752121964186166,22.98235038324077,5.719638195079649,0.68,11.14,42.6
2.0,59.62679354525035,46.35744295438496,20.969139691914396,2.614105805289684,26.76023930882942,5.895850880102806,35.45740002988784,31.681603977163054,1.4285610075212154,0.18,16.45,45.2
1.0,36.83431036702881,24.366003317594597,8.128175122529317,0.8860019841571343,28.81316996054072,1.8324030014630148,27.978770483523277,23.480415212017324,10.285394727841435,0.06,8.65,33.4
5.0,51.96954797882445,53.18892141404715,11.415464028072574,4.514551866019824,29.591095360296794,4.661947099465081,42.8270460673659,25.997433201289887,2.9895287503064334,0.47,18.44,21.5
4.0,58.18192954293512,19.40536848869255,6.365543223557049,4.351088946337002,30.470086636203277,1.2122996176604766,25.20290378863296,11.088232057153883,2.908417569000354,1.19,7.78,32.8
6.0,46.21320673039166,41.43684680059787,20.40913011085307,5.915814728978396,27.238055451275777,8.242832071768255,41.30385428707002,21.53057130744197,5.529495762141263,0.43,14.47,49.3
2.0,30.966396489342124,25.103952179816073,5.661714498665333,0.0,29.500684698228884,4.545169461222244,15.900810732832417,42.06421213620242,3.416631549478066,0.38,9.05,22.6
7.0,55.235093238824064,57.10782354680613,21.440426370289604,3.698975818344767,27.634158028723306,5.330401111005785,31.812946759130686,19.95740578945986,2.045384767566161,0.23,20.53,37.5
2.0,39.632608249891,19.964164660929946,0.0,0.5320762776667525,25.080174754438815,3.3328404499336735,27.1661161925848,24.076208431989848,13.136543301550887,299.89,7.43,0.0
1.0,71.23352282663959,24.58617145773721,10.71850553942796,0.0,25.578268658741468,0.8889312421461328,18.68383390914636,16.529826447640264,3.8795477638329063,0.34,7.81,43.6
5.0,61.103770461143704,33.98751369485675,11.041955740848406,4.761342356793512,32.34897125657277,2.967557338106413,30.90009381161933,14.367756066947257,0.0,0.84,11.23,32.5
4.0,56.75929714723288,43.054586792373705,13.481379644587756,0.0,26.686375694166998,4.9923321979519315,31.812492551245445,31.704133686997526,4.525763886569749,0.29,14.44,31.3
3.0,57.84536183743677,38.09244246718115,16.090415164064503,4.214884030183034,25.612932179398243,1.3073093537363383,33.17215666570044,9.245934431721,3.7058039422797124,0.48,11.79,42.2
7.0,48.97913307293741,37.351202017105976,13.806483363961418,4.518843922940111,27.33239702720511,6.050281993397764,38.539498491337184,42.94677449645687,2.714105271378763,0.72,12.43,37.0
10.0,61.97720425416108,49.41191931301411,24.47467672169609,9.990340361280522,30.707415056468747,2.180202706667923,33.05099771421835,22.858273710171673,4.398200784686609,0.43,15.17,49.5
5.0,54.96839419118811,41.21473505953511,13.717482776216606,6.157421945993826,31.324215591242798,6.66833322960616,28.35257211202298,26.939370251578975,2.801101952571929,0.19,12.62,33.3
1.0,60.37510277869337,22.74015835018102,7.292097224652464,1.722495769442937,26.925013352895032,2.3939245305410726,9.90762456934916,18.50813240982812,3.06905681282488,0.29,7.56,32.1
0.0,37.86185319014205,15.821744975787396,5.987262241591048,0.6266726835687076,29.14609523311221,4.939097533235477,23.52578127386647,31.52045197431093,3.9546657421532876,0.0,4.86,37.8
3.0,32.921223457083954,22.653815357277587,7.18195805523893,3.662777289179469,30.051645040198434,5.933636924615181,40.66520554842377,26.832574053428885,2.6883864437909653,0.7,8.37,31.7
2.0,32.79445080505815,21.52614964385476,5.952538158283877,0.0,29.88605641916778,2.2626506046327415,25.885876220723812,10.69660593062505,3.8745042224905126,0.5,4.04,27.7
5.0,74.70381001296916,63.11528170256724,15.87078170984009,1.5477934150794022,25.405142297081888,0.14111086152528052,26.661336339397963,14.420365935205501,6.230648692812356,0.3,19.09,25.1
4.0,67.68241278278805,56.762028690414496,15.689316891767982,3.974706806890994,25.821882010016015,0.5365638439818554,36.81623500411917,32.818900550041285,1.5559665239031792,0.39,18.7,27.6
3.0,54.17694433759584,32.73918944795039,6.243389653150636,3.619118512289438,25.667714362098973,5.267072721172683,19.510329646180363,34.149062571189205,2.1381151448411084,0.64,10.04,19.1
8.0,49.91551529164207,32.51894281332928,16.587494703347996,5.326595959916356,26.53003036649151,1.7837313967528776,28.009509926590624,23.266800493387468,7.667030151180888,0.67,10.63,51.0
6.0,67.29933314967873,46.424932491470564,18.112334512934236,3.74810724916757,31.801848192756328,1.2295660974637754,38.47036481409472,15.800165931983484,1.4969805693507932,0.82,12.78,39.0
3.0,28.984537004856236,22.840982057671127,8.789372437060115,1.897585078902658,31.013409821677367,5.293934307087495,30.459893189080994,23.422799066690427,8.628840717773446,0.52,8.02,38.5
5.0,60.85834969509364,69.98912303238772,22.95222974913153,1.5237695196906016,30.467312375015684,3.642121003876584,25.20174119583311,19.928796664166544,3.2206090570041876,0.13,22.72,32.8
9.0,52.14405450154101,52.92374226174457,14.858317958376222,7.660879287147539,26.02032304194887,1.115287800065829,16.87696706292043,21.9535489178237,6.113266259654261,0.82,17.76,28.1
0.0,48.16882823714244,29.3825386972787,6.648904162738002,0.8749627156796007,28.678735844944146,7.530458789939039,51.88663511341561,32.054955783676895,7.284863946660518,0.0,8.49,22.6
2.0,51.37409258098165,15.08167167107678,5.172926940792509,1.232405213653683,28.76323820045808,0.7636695006363259,32.82437198966087,26.811859664895806,2.7551405327542384,0.77,4.67,34.3
8.0,63.92698386057143,54.26976244621318,24.71760527116103,3.2594788230864764,27.428194287978236,4.144467330094384,37.89769133803869,24.55182628208392,3.7550858163542893,0.38,18.92,45.5
0.0,27.781828182038232,32.772569023555526,6.098225777041584,0.2567472610395303,30.414699898137254,6.291922927054146,28.55670564513085,37.480843156510495,7.13573133246259,0.1,11.53,18.6
6.0,59.8452724907269,60.132414440138994,23.891436224284654,1.6754269254631178,28.169720805849234,6.219932975536484,35.47352485233523,26.45761103099098,2.3477738964659007,0.62,19.32,39.7
3.0,56.700391828526435,15.191238658449521,5.125884647067733,2.701016002628159,31.22226020468889,2.685064345333184,13.900369130288624,15.27308372757443,4.300177259242427,1.06,4.51,33.7
6.0,39.12783909397296,39.464975238794175,9.776838859306809,0.11260129110918837,29.57126454568109,6.389998387473856,41.322541406135734,34.327643282243734,3.10456330265977,1.17,16.11,24.8
5.0,66.65711306118266,49.105903681632775,17.801947454623892,4.276882041390418,30.951865314192514,4.603103603190312,41.43629747280748,17.335052793704257,4.115699648793143,0.65,16.64,36.3
1.0,60.32824337937028,33.951300493813015,8.237874818333545,3.6056324251047016,26.43246586232407,4.495283816376373,18.647345670796778,36.213466826641415,2.362487473726884,0.43,11.42,24.3
3.0,42.10373422034629,20.47401217661149,12.464072056666565,2.8723625802076,28.22496636428162,6.701001267718986,38.792791687852315,26.554775859947313,4.6911400985578355,0.39,6.24,60.9
0.0,39.46057129010808,13.154931691925215,2.7049370467145852,0.0,26.873007458694573,1.4427899615180948,34.80370668004471,20.19746922970039,7.63859387829378,0.0,5.13,20.6
0.0,69.39730716734883,26.69786169796439,6.2138427987900355,0.6701161148398169,27.825981729568817,0.0,13.566277763773341,19.576637040570255,3.106754608234502,0.0,9.1,23.3
0.0,34.26411274393748,24.544109548045544,2.5884100398592165,0.07093505910637365,24.24040088429283,4.212243487946147,28.67848291077371,27.511585058322513,8.009455158319001,0.02,9.1,10.5
0.0,26.62470901906315,7.07495610669182,0.0,0.14171179031750872,28.60207661874274,3.016643207315882,28.646168117796307,12.244905854439573,0.025926657110021584,0.17,2.51,0.0
11.0,50.935144875308964,53.77456590071837,19.947647384073075,9.594794706576607,30.732197699442715,1.312484998197304,15.106091350424084,22.022307146342378,4.609805248475817,0.79,19.25,37.1
2.0,56.14567649128892,9.90623176745752,7.360642498354598,3.6685626163371268,26.927812837084698,0.7961165310201455,27.579585702427828,3.1986880583115678,5.602543674042091,0.48,4.02,74.3
0.0,26.972991649672096,15.081087568489153,0.0,0.7302593933883423,29.8793149862735,3.7846356069497724,28.013590946349108,13.875685412619307,3.3973710164600073,0.0,4.86,0.0
6.0,59.425673022787905,44.381635145147705,14.865657408184395,4.304354549879804,28.188596071035672,6.532116134186381,40.0793678109949,27.46404045912803,2.024964828527053,0.67,14.93,33.5
0.0,32.86709452397263,13.861740758529546,1.1283222546831992,2.033386155138722,26.89330971263935,1.6497914523770543,31.00563776553303,14.66041074334947,2.7157506475969013,0.03,4.5,8.1
3.0,56.21600042507882,52.52618007850226,13.65058227572137,0.0,27.173908337996714,5.2948234604574855,26.402726616298224,34.86585535895907,4.370974032970232,0.0,19.4,26.0
3.0,57.24333273484004,16.531698806835596,5.56501401739019,3.2801210401294485,28.514303260012536,1.5822222457802877,31.13449613912657,14.031470414258296,3.011594376256358,0.87,2.93,33.7
3.0,58.57776862538124,15.198598034531614,7.318643243218102,3.0380927368377044,27.022152508824373,2.757489933617782,21.96217291986808,11.989953201288785,3.2132522272960595,0.84,3.61,48.2
3.0,53.38323165280642,45.54560642907273,12.013801078047413,0.6931682556114053,29.007714710812774,5.3933783444697125,30.097248545571304,28.91103423292274,2.32230155209746,0.89,14.05,26.4
7.0,47.564478818332645,29.86413606627557,18.176502965850094,4.930278639861698,27.244425703791435,1.4334389957704097,36.5091799524718,23.579155600845137,8.585175500163924,0.26,10.17,60.9
2.0,35.28804870970186,12.518973643168456,6.986767511693024,3.1907286489798454,32.74225284023801,3.869986026744869,36.20840603608455,31.633999085804597,9.361909137919039,0.31,3.55,55.8
9.0,57.10414972644933,38.52881490607589,18.005731952260128,5.27253519354572,31.626322032926073,4.594949047054447,36.00763601600184,28.95933412338046,0.8833994723529962,0.81,14.73,46.7
2.0,37.723396334266944,14.407094679005336,4.6628240347366035,2.323471761741118,31.275430844869337,1.7283397184374545,25.339307350037497,25.725818380847837,10.203371677649582,0.86,4.56,32.4
2.0,40.317146938416286,31.451041956347822,5.479743173565056,0.42816803438433704,28.91123807368764,4.619044514270962,18.61291549096225,39.65312228496396,3.7065040455863585,0.48,10.05,17.4
1.0,33.6400443735823,25.845061985972052,3.597009809231338,1.915529791724743,28.696075255760746,4.41767510065196,34.40496202058746,24.132918715359924,10.73712969437047,0.42,8.59,13.9
6.0,50.811086070958716,42.98647628511687,20.711391680206255,5.985562411428242,28.284834961806553,3.85375720990717,39.46941300885388,26.41721692212056,2.4234559768510104,0.29,14.93,48.2
9.0,60.57040641053268,57.8325264612071,18.979622509588026,6.013472858022478,30.348998636820543,0.40799154288134987,26.26002684291224,14.85876927761228,5.439773507520097,0.64,18.51,32.8
5.0,73.65052133160479,38.005110820570444,13.589869470220272,3.6601788316917028,30.773202306516765,4.359771893328314,22.776456216202075,13.34166204595705,0.0,0.65,12.92,35.8
6.0,73.91662046568135,36.58566828086578,8.670528672664682,4.237357796427269,29.73361928268642,1.8767656061815923,22.564990708142943,4.748819447932247,2.740130815778911,1.25,11.54,23.7
9.0,55.77033436742218,49.05272862785257,19.426596353241266,8.732348079650524,30.296348434028932,1.7047987468973038,27.07273618825434,23.327298396430155,5.874273585982158,0.59,17.69,39.6
4.0,70.86352836813546,41.17470113737935,13.6938224347459,2.1238682381808536,28.5405455751961,1.2470781348559112,23.94138725433194,2.4140757079950497,3.1453980744699983,0.21,14.18,33.3
5.0,68.02047215832164,78.14135654678725,14.28799792945111,2.640763449652297,26.129782102176662,1.504101843704025,31.206507089324322,18.611896802733735,5.517189463134065,0.87,24.52,18.3
3.0,73.77256640432516,39.988479736886504,9.116586026195026,4.210065933175593,26.540427953756463,0.0,22.416582560182952,9.56301168981471,2.484858999839563,0.85,12.48,22.8
2.0,37.00300890335178,15.702529868216553,6.070856295835057,2.2218225852678173,27.662808943464366,0.0,25.476706477111858,25.41875686379769,11.018095393991358,1.0,5.66,38.7
5.0,54.67289737357734,43.80021511461675,16.734446351386524,3.767232711907566,27.886430740582334,4.972755954656962,30.234230001585452,38.59574374128988,5.874968194481006,0.21,13.96,38.2
2.0,32.92624988146424,18.284352631518956,8.462116106463967,1.7257268597256976,28.314176638678415,2.7888664942840684,10.067361781711785,9.30209361095951,4.937821783256444,0.11,4.09,46.3
1.0,42.05881414326696,43.48971327830776,20.86315924600657,2.046416336234791,25.914122413345098,6.429464709076554,35.692552915088676,37.081251872644266,3.0280253471823353,0.11,16.33,48.0
5.0,63.37403523363558,39.484063703767234,15.61955854512285,1.6551132192188005,23.78592023040218,0.5667158263721457,28.654366445328456,8.76667909696041,3.0287498049476183,0.08,13.48,39.6
2.0,40.007132313640966,22.161110109618686,8.05734276990688,0.7954922887237668,28.415230997901,6.73278673063008,34.43732494637381,20.92074026740226,2.478388734502351,0.3,6.5,36.4
2.0,37.96653989747418,20.325485350781392,12.329347319945583,0.0,26.874462895859057,5.862970584534475,38.39545380122501,32.26022786752844,3.2247601358167994,0.18,7.55,60.7
6.0,55.6881487359024,16.230182168424022,13.538561355730252,3.5107098709589692,30.26702347164033,2.422518144341603,14.838553219607414,19.37023103081468,0.0,0.44,4.92,83.4
9.0,56.56725866877516,51.40179924500121,19.24549376495603,9.201388571552194,28.258326764792624,0.8831798686696022,19.84344137267173,20.436204543705703,6.005269316884231,0.83,17.96,37.4
5.0,51.712718229186166,42.611693353101785,19.8946420794062,3.472915956338611,29.589325075253733,3.9905862453140735,32.058659445887,13.953650992187937,3.263502908809608,0.32,13.33,46.7
0.0,61.47297693516979,17.965356420454587,5.425250228835193,2.967789631965536,27.898509063952396,0.0,23.178627080562045,11.48569421556576,4.407216413663827,0.0,5.21,30.2
6.0,44.75821761144155,18.809973678083967,11.202308589399127,4.458883287316254,29.899349979788134,2.5881732469452823,26.51104499870654,22.719310603796153,2.325075264469085,0.72,6.28,59.6
0.0,36.89615886651655,30.834447141171836,10.53263940359106,0.0,27.505746101079147,5.874406189490391,21.381969837836348,31.61612198955271,3.6477407602844147,0.0,10.2,34.2
3.0,24.74537719091503,33.491084960933364,8.32237094963201,0.0,27.913387147655005,4.919717382757549,28.02412493793083,42.14152996500899,8.932697128465591,0.77,10.54,24.8
6.0,59.33702274911714,25.48345562756926,7.162821152881394,7.01006700852258,30.447688053563347,1.5864531303336102,45.755452715018166,14.124157286921342,2.8171470032745876,0.95,6.24,28.1
4.0,76.69016377557462,53.88725447726661,13.441966982776798,4.785606240661274,28.638030323153263,1.3035493327219663,30.554789378330877,25.050203229679774,0.0,0.26,16.44,24.9
10.0,52.47288057597733,54.97986401635801,24.793208137147857,2.9554013280047764,26.34102225175163,6.16876891701112,32.27615218240555,21.95507481486798,3.230842712445013,0.47,17.31,45.1
6.0,49.88250520635557,32.40863905294494,10.0714374966829,2.8358484151917818,26.821884347431265,4.98940106366971,27.51785696017801,39.0461445671522,0.0,0.66,10.29,31.1
9.0,67.49950106655422,51.79405632141382,21.604284096278064,8.425839196201874,24.94158570482509,2.1282334261578777,20.445483561177777,26.1612059529468,2.992957761499415,0.9,18.02,41.7
2.0,43.77145264023242,18.320108353390186,8.803156277998891,2.5662096991492005,28.179324915695126,1.2442766289705274,42.74448322523437,23.94461091022523,9.686676741117916,0.29,7.51,48.1
6.0,49.40096083900093,36.96205943560815,19.899459127455806,4.188652514276214,28.768417295464324,6.096341014107939,30.239583262933216,27.404231134657536,7.912858760050689,0.4,11.83,53.8
4.0,62.332692651844205,74.10942571834047,13.806028615822605,2.152953180831387,27.43813562697729,2.5789655930842614,32.083437907359965,16.41851929411079,6.335852390053061,0.46,24.9,18.6
9.0,50.08264140489792,46.60910575387612,24.12836790585724,11.115051682142202,27.862547566200252,0.0,19.14050844779744,18.535023759444385,1.8449962842026193,0.5,15.4,51.8
9.0,60.51922716071387,49.784246493091345,23.5957036509566,7.651965748454971,28.548844435071608,1.1325080968421812,23.946002108401593,19.676928538429173,4.306839445657771,0.66,16.39,47.4
0.0,32.199312259450714,23.748705625144822,3.593532584987373,0.09847185238971234,27.240385170939202,5.141956493869124,26.240449513696635,20.769919990105663,10.500104419116706,0.29,7.85,15.1
6.0,51.97560742917958,26.399637191546173,12.369505349171744,6.562413807804672,27.521853684916785,0.8311965443685481,58.33610088125907,10.941008375144744,2.435474983691277,0.41,9.05,46.9
2.0,39.58011014051419,28.863240862277824,5.491366085495999,0.3320403926490148,28.262184657903955,4.454694620339142,42.61319159942664,14.179261251438106,2.061051331311501,0.75,8.98,19.0
2.0,43.324035583060464,34.70251085072906,4.873922771864972,1.2051929365828704,27.716368969645572,0.8493024299827197,34.49779298772481,19.7630263808138,4.6305267869244835,0.52,12.07,14.0
4.0,60.74594855044411,35.16455415504919,17.98979615918729,4.668880560301982,29.97331588793966,2.7080421601080675,25.812759434152312,15.441523887203887,0.7808498199936074,0.11,11.67,51.2
3.0,51.574961203825964,21.59112793032331,12.066161480750797,4.0102118770783575,27.866651754043275,7.04755377833491,46.362455909434026,22.180606445531872,7.2603056252602896,0.74,7.03,55.9
4.0,68.74695779616431,54.79398671821333,13.309383195826236,2.8757242530620806,26.116206054920212,2.410330086545594,29.354319673085882,34.56778076853372,0.2419990122855859,0.52,17.93,24.3
4.0,51.32344648203615,38.8965160003923,14.933050379346188,4.675164400988294,22.535951288985714,6.322742831879786,38.65556098089217,38.29668295723067,4.121136364347497,0.62,13.56,38.4
3.0,50.30825271244512,16.959187334967954,9.207253820889573,0.4741683141953916,29.837669834401037,0.539812951102121,26.302111339921943,9.3105916867494,5.43551318596825,0.67,6.22,54.3
9.0,58.329107402328525,43.59090524723648,18.878322525499122,9.044134448864874,26.606221976805973,5.207907967986128,29.14609482778382,26.768782987716374,4.837392868482833,0.64,16.05,43.3
2.0,31.873031696935058,34.685841530907126,3.735404157312664,1.9305930776938625,28.482127716221704,6.61595075827228,25.886389813166254,39.46425391730523,8.182964890854086,1.04,12.24,10.8
9.0,51.6067451738818,48.84666108592886,24.783183216185414,8.898828947716583,24.264327314795494,0.38609953749033776,21.259386152066998,23.26677599154072,1.8308050825670243,0.1,15.36,50.7
5.0,57.00139077034309,43.4063094113632,12.740223824194498,3.9553135985598105,26.41688205949275,4.529954814845132,39.60253206299319,37.53802152040209,3.7250918759402154,1.05,13.38,29.4
3.0,72.61530804504376,41.83282043467535,11.208970627254239,4.5361407018937765,26.931325326059575,1.5059930665679873,25.533706546880474,9.25226609374882,1.5877891650799323,0.47,13.8,26.8
2.0,34.82269056214618,15.559509839090333,1.9446432052965639,3.034604354195694,30.85399818275928,4.71323331417942,34.92674032708439,26.053486023444894,5.600412488453963,1.33,6.38,12.5
2.0,51.319742232926664,23.332348942114862,6.038842453277946,2.1401805456676173,26.722129611157982,3.4686822887380684,27.917991615573513,40.50209483297839,1.6296282443740475,0.2,8.74,25.9
6.0,48.43694063321812,42.7937311282519,16.691928999478595,7.109371569459285,25.691226813604374,4.692629680302769,39.21970962483062,19.984029153950218,7.407435937916392,0.3,13.22,39.0
4.0,37.44047991788344,22.870091979636705,7.3946779126489,1.1626179156504253,28.271674021653816,0.0,24.713976577108525,13.150121121746864,5.549596874877952,0.57,8.71,32.3
2.0,40.456259648363755,12.974689138248227,5.249917943069822,0.0,26.45983499887932,3.7190655029103645,32.2466590502742,15.95460060647649,6.846734271739186,0.47,4.11,40.5
6.0,55.40070495446333,43.41825859903145,14.747200421602145,3.893188062532257,26.14234563904189,0.9652677377384863,30.626595889220738,16.32805672632743,1.4489726242934857,0.78,14.7,34.0
2.0,40.00769041859079,30.869527363989828,13.139511202431692,2.323742143291377,24.090698157749024,6.6309184348097325,41.60630963805744,22.997919457052813,5.660599300312363,0.15,9.5,42.6
2.0,38.138250776933276,36.51282226174658,8.67849569078119,1.2882104710660833,32.45722034534574,4.2385575315418045,12.832841811799277,40.836717231551326,0.9466672322770278,0.35,12.87,23.8
5.0,67.06685659507255,50.86394469054628,15.969193405232856,4.616722356913016,27.08967571563135,2.2132271382457995,34.39839498320883,11.575740980646911,2.7144116294031093,0.41,17.57,31.4
2.0,37.413996346583275,22.197921819699683,0.0,1.3145803641541036,28.37951860963364,3.0902483262858795,30.777547874897504,21.64407908416178,10.307977010510125,300.28,7.37,0.0
1.0,32.073201199905796,11.552672133735769,7.100793302223019,0.0,27.777125800650204,4.354711397744092,30.073965515481994,16.435446088511064,0.0,0.23,3.07,61.5
